record,label,rep_index,start_s,end_s,duration_s,peak_s,peak_env,mean_env,status,reason,segment_file
1-10_preprocessed,1,1,4.4755,8.619,4.1435,5.19,0.702428933184322,0.358192531635538,valid,valid_complete_cycle,segmented_records/1-10_preprocessed/1-10_preprocessed_rep01.csv
1-10_preprocessed,1,2,9.9185,14.581,4.6625,11.2815,1.25563459914051,0.489739499045995,valid,valid_complete_cycle,segmented_records/1-10_preprocessed/1-10_preprocessed_rep02.csv
1-10_preprocessed,1,3,14.9875,19.059,4.0715,16.393,1.3803417389997,0.549573341257149,valid,valid_complete_cycle,segmented_records/1-10_preprocessed/1-10_preprocessed_rep03.csv
1-10_preprocessed,1,4,19.4655,22.2025,2.737,20.761,1.42985358112771,0.730429403594828,valid,valid_complete_cycle,segmented_records/1-10_preprocessed/1-10_preprocessed_rep04.csv
1-10_preprocessed,1,5,22.203,26.9165,4.7135,25.7285,1.49988770222952,0.585424344004647,valid,valid_complete_cycle,segmented_records/1-10_preprocessed/1-10_preprocessed_rep05.csv
1-10_preprocessed,1,6,26.9745,29.3745,2.4,28.312,0.565080294063721,0.351210289296547,valid,valid_complete_cycle,segmented_records/1-10_preprocessed/1-10_preprocessed_rep06.csv
1-11_preprocessed,1,1,5.1735,8.3075,3.134,6.2655,1.02952529115146,0.549047176862958,valid,valid_complete_cycle,segmented_records/1-11_preprocessed/1-11_preprocessed_rep01.csv
1-11_preprocessed,1,2,10.2355,12.8885,2.653,11.1455,1.00968746084586,0.623234226489442,valid,valid_complete_cycle,segmented_records/1-11_preprocessed/1-11_preprocessed_rep02.csv
1-11_preprocessed,1,3,15.206,18.281,3.075,16.1425,1.22830317869082,0.620315549174378,valid,valid_complete_cycle,segmented_records/1-11_preprocessed/1-11_preprocessed_rep03.csv
1-11_preprocessed,1,4,20.126,23.218,3.092,21.2585,1.57967372273327,0.735588318561728,valid,valid_complete_cycle,segmented_records/1-11_preprocessed/1-11_preprocessed_rep04.csv
1-11_preprocessed,1,5,25.2005,28.11,2.9095,26.074,1.29764261633996,0.708276516553905,valid,valid_complete_cycle,segmented_records/1-11_preprocessed/1-11_preprocessed_rep05.csv
1-12_preprocessed,1,1,8.6025,12.265,3.6625,9.749,1.24646373382817,0.567736143733322,valid,valid_complete_cycle,segmented_records/1-12_preprocessed/1-12_preprocessed_rep01.csv
1-12_preprocessed,1,2,13.602,17.33,3.728,14.732,1.21916114563379,0.563728489984028,valid,valid_complete_cycle,segmented_records/1-12_preprocessed/1-12_preprocessed_rep02.csv
1-12_preprocessed,1,3,18.5915,21.7645,3.173,19.802,1.52806681612809,0.619239265223377,valid,valid_complete_cycle,segmented_records/1-12_preprocessed/1-12_preprocessed_rep03.csv
1-12_preprocessed,1,4,23.6155,26.52,2.9045,24.79,1.438830108491,0.686959103193768,valid,valid_complete_cycle,segmented_records/1-12_preprocessed/1-12_preprocessed_rep04.csv
1-12_preprocessed,1,5,28.7335,31.7235,2.99,29.665,1.46887801870417,0.727536362733989,valid,valid_complete_cycle,segmented_records/1-12_preprocessed/1-12_preprocessed_rep05.csv
1-12_preprocessed,1,6,33.739,34.484,0.745000000000005,34.484,0.854392692038937,0.50461348773978,rejected,record_ended_before_return_to_quiet,
1-13_preprocessed,1,1,4.679,8.931,4.252,6.0245,1.29509383418155,0.497443000461205,valid,valid_complete_cycle,segmented_records/1-13_preprocessed/1-13_preprocessed_rep01.csv
1-13_preprocessed,1,2,8.9315,12.688,3.7565,11.14,1.15689751148141,0.612118423443464,valid,valid_complete_cycle,segmented_records/1-13_preprocessed/1-13_preprocessed_rep02.csv
1-13_preprocessed,1,4,18.586,23.238,4.652,20.52,1.20256325023038,0.418701399487386,valid,valid_complete_cycle,segmented_records/1-13_preprocessed/1-13_preprocessed_rep04.csv
1-13_preprocessed,1,5,24.183,28.781,4.598,25.79,2.0864167695031,0.597720304584156,valid,valid_complete_cycle,segmented_records/1-13_preprocessed/1-13_preprocessed_rep05.csv
1-13_preprocessed,1,3,12.6885,18.5855,5.897,15.8205,1.1033612177606,0.509403899710181,rejected,too_long_or_multiple_cycles,
1-13_preprocessed,1,6,28.7815,30.706,1.9245,29.9155,0.967623850014013,0.549425892438754,rejected,record_ended_before_return_to_quiet,
1-14_preprocessed,1,1,4.4145,8.7975,4.383,5.793,1.33272757101334,0.653647950555371,valid,valid_with_elevated_boundary,segmented_records/1-14_preprocessed/1-14_preprocessed_rep01.csv
1-14_preprocessed,1,2,8.798,13.055,4.257,10.1575,1.06456849111844,0.574243604482613,valid,valid_with_elevated_boundary,segmented_records/1-14_preprocessed/1-14_preprocessed_rep02.csv
1-14_preprocessed,1,3,14.278,17.916,3.638,15.7795,1.3837300531972,0.609475418325021,valid,valid_with_elevated_boundary,segmented_records/1-14_preprocessed/1-14_preprocessed_rep03.csv
1-14_preprocessed,1,4,17.9165,23.1855,5.269,20.5955,1.59795640926798,0.527404955389272,valid,valid_with_elevated_boundary,segmented_records/1-14_preprocessed/1-14_preprocessed_rep04.csv
1-14_preprocessed,1,5,24.4755,27.8195,3.344,25.8295,1.625905151824,0.638125858923774,valid,valid_complete_cycle,segmented_records/1-14_preprocessed/1-14_preprocessed_rep05.csv
1-14_preprocessed,1,6,29.468,33.254,3.786,30.732,1.51131290369152,0.605005047984824,valid,valid_complete_cycle,segmented_records/1-14_preprocessed/1-14_preprocessed_rep06.csv
1-14_preprocessed,1,7,34.672,35.3105,0.638500000000001,35.1235,0.666715498840487,0.408672995074821,rejected,record_ended_before_return_to_quiet,
1-15_preprocessed,1,1,3.7255,7.9715,4.246,4.852,1.58505540523867,0.59097858514094,valid,valid_complete_cycle,segmented_records/1-15_preprocessed/1-15_preprocessed_rep01.csv
1-15_preprocessed,1,2,9.725,13.194,3.469,10.5425,1.23466570183501,0.61593833790707,valid,valid_complete_cycle,segmented_records/1-15_preprocessed/1-15_preprocessed_rep02.csv
1-15_preprocessed,1,3,14.709,18.4875,3.7785,15.2965,1.09828177463181,0.573855678167999,valid,valid_complete_cycle,segmented_records/1-15_preprocessed/1-15_preprocessed_rep03.csv
1-15_preprocessed,1,4,19.4955,23.1235,3.628,20.387,1.14781661141168,0.511990496924898,valid,valid_complete_cycle,segmented_records/1-15_preprocessed/1-15_preprocessed_rep04.csv
1-15_preprocessed,1,5,24.042,27.4255,3.3835,24.891,1.17573983283511,0.484777734189945,valid,valid_complete_cycle,segmented_records/1-15_preprocessed/1-15_preprocessed_rep05.csv
1-16_preprocessed,1,1,4.051,7.7725,3.7215,4.93,1.21615679339566,0.496085231491967,valid,valid_complete_cycle,segmented_records/1-16_preprocessed/1-16_preprocessed_rep01.csv
1-16_preprocessed,1,2,9.863,13.8185,3.9555,10.7015,1.52406485806861,0.62496889184927,valid,valid_complete_cycle,segmented_records/1-16_preprocessed/1-16_preprocessed_rep02.csv
1-16_preprocessed,1,3,15.071,18.4435,3.3725,15.7665,1.4720800900482,0.540678222097911,valid,valid_complete_cycle,segmented_records/1-16_preprocessed/1-16_preprocessed_rep03.csv
1-16_preprocessed,1,4,20.1135,23.6175,3.504,20.93,1.17967408190075,0.488216632562849,valid,valid_complete_cycle,segmented_records/1-16_preprocessed/1-16_preprocessed_rep04.csv
1-16_preprocessed,1,5,24.7015,28.05,3.3485,25.58,1.2479897048385,0.547351326089277,valid,valid_complete_cycle,segmented_records/1-16_preprocessed/1-16_preprocessed_rep05.csv
1-17_preprocessed,1,1,4.824,7.8625,3.0385,6.3815,1.51691635185565,0.639203408437019,valid,valid_complete_cycle,segmented_records/1-17_preprocessed/1-17_preprocessed_rep01.csv
1-17_preprocessed,1,2,10.1365,13.2835,3.147,11.7325,1.22996094106475,0.52119775047862,valid,valid_complete_cycle,segmented_records/1-17_preprocessed/1-17_preprocessed_rep02.csv
1-17_preprocessed,1,3,15.317,18.421,3.104,16.7715,1.76874272813754,0.634760463138843,valid,valid_complete_cycle,segmented_records/1-17_preprocessed/1-17_preprocessed_rep03.csv
1-17_preprocessed,1,4,20.2455,23.5855,3.34,21.7475,1.34320750968551,0.608038355192775,valid,valid_complete_cycle,segmented_records/1-17_preprocessed/1-17_preprocessed_rep04.csv
1-17_preprocessed,1,5,25.1745,28.6065,3.432,26.695,1.8921694043178,0.682298498882978,valid,valid_complete_cycle,segmented_records/1-17_preprocessed/1-17_preprocessed_rep05.csv
1-17_preprocessed,1,6,29.896,30.665,0.768999999999998,30.426,1.00627267306802,0.587369413299412,rejected,record_ended_before_return_to_quiet,
1-18_preprocessed,1,1,5.263,8.318,3.055,6.641,1.5342692329392,0.642770361500012,valid,valid_complete_cycle,segmented_records/1-18_preprocessed/1-18_preprocessed_rep01.csv
1-18_preprocessed,1,2,10.2575,13.497,3.2395,11.7725,2.22418742028311,0.671446129030551,valid,valid_complete_cycle,segmented_records/1-18_preprocessed/1-18_preprocessed_rep02.csv
1-18_preprocessed,1,3,15.269,18.949,3.68,16.804,1.58736942580456,0.612074889609168,valid,valid_complete_cycle,segmented_records/1-18_preprocessed/1-18_preprocessed_rep03.csv
1-18_preprocessed,1,4,20.2835,23.759,3.4755,21.7065,1.99958962692363,0.670279228540851,valid,valid_complete_cycle,segmented_records/1-18_preprocessed/1-18_preprocessed_rep04.csv
1-18_preprocessed,1,5,25.394,28.6865,3.2925,26.761,2.21092160526602,0.736354963428329,valid,valid_complete_cycle,segmented_records/1-18_preprocessed/1-18_preprocessed_rep05.csv
1-19_preprocessed,1,1,3.803,7.3455,3.5425,5.27,1.21309560920194,0.488669350921707,valid,valid_complete_cycle,segmented_records/1-19_preprocessed/1-19_preprocessed_rep01.csv
1-19_preprocessed,1,2,8.6885,12.4775,3.789,10.3955,1.86022130017333,0.619157182290323,valid,valid_complete_cycle,segmented_records/1-19_preprocessed/1-19_preprocessed_rep02.csv
1-19_preprocessed,1,3,13.717,17.22,3.503,15.189,1.23840378409781,0.555952906233117,valid,valid_complete_cycle,segmented_records/1-19_preprocessed/1-19_preprocessed_rep03.csv
1-19_preprocessed,1,4,18.732,22.015,3.283,20.19,2.11109036274563,0.757049436035817,valid,valid_complete_cycle,segmented_records/1-19_preprocessed/1-19_preprocessed_rep04.csv
1-19_preprocessed,1,5,23.8255,27.087,3.2615,25.282,1.66409656988623,0.673447522150913,valid,valid_complete_cycle,segmented_records/1-19_preprocessed/1-19_preprocessed_rep05.csv
1-1_preprocessed,1,1,6.0385,9.4615,3.423,6.796,1.17296133746961,0.533275918087462,valid,valid_complete_cycle,segmented_records/1-1_preprocessed/1-1_preprocessed_rep01.csv
1-1_preprocessed,1,2,10.9945,14.586,3.5915,11.9985,1.28092969720553,0.541791242089725,valid,valid_complete_cycle,segmented_records/1-1_preprocessed/1-1_preprocessed_rep02.csv
1-1_preprocessed,1,3,16.028,19.8895,3.8615,17.0745,1.30584223641792,0.594121859305448,valid,valid_complete_cycle,segmented_records/1-1_preprocessed/1-1_preprocessed_rep03.csv
1-1_preprocessed,1,4,20.806,24.6505,3.8445,21.8535,1.39519846167682,0.658660375702897,valid,valid_complete_cycle,segmented_records/1-1_preprocessed/1-1_preprocessed_rep04.csv
1-1_preprocessed,1,5,26.2445,29.9435,3.699,27.337,1.19038130346371,0.569357189156684,valid,valid_complete_cycle,segmented_records/1-1_preprocessed/1-1_preprocessed_rep05.csv
1-1_preprocessed,1,6,31.503,33.3425,1.8395,32.739,1.17644343978821,0.609299599076061,valid,valid_complete_cycle,segmented_records/1-1_preprocessed/1-1_preprocessed_rep06.csv
1-1_preprocessed,1,7,33.448,35.1355,1.6875,34.3085,0.727566211725654,0.418954990078539,rejected,duplicate_slot_peak,
1-20_preprocessed,1,1,7.5765,11.1205,3.544,8.9525,1.7453764231266,0.553560486905209,valid,valid_complete_cycle,segmented_records/1-20_preprocessed/1-20_preprocessed_rep01.csv
1-20_preprocessed,1,2,12.6875,15.791,3.1035,13.983,1.84823521806782,0.702712678401508,valid,valid_complete_cycle,segmented_records/1-20_preprocessed/1-20_preprocessed_rep02.csv
1-20_preprocessed,1,3,17.655,20.564,2.909,18.9055,1.90051275798804,0.692498366957342,valid,valid_complete_cycle,segmented_records/1-20_preprocessed/1-20_preprocessed_rep03.csv
1-20_preprocessed,1,4,22.6925,25.536,2.8435,23.894,1.92524460822688,0.710839670649667,valid,valid_complete_cycle,segmented_records/1-20_preprocessed/1-20_preprocessed_rep04.csv
1-20_preprocessed,1,5,27.678,30.676,2.998,29.031,1.81900765922956,0.689786038418383,valid,valid_complete_cycle,segmented_records/1-20_preprocessed/1-20_preprocessed_rep05.csv
1-20_preprocessed,1,6,32.7505,35.876,3.1255,34.1725,1.76321186391767,0.732532566187542,valid,valid_complete_cycle,segmented_records/1-20_preprocessed/1-20_preprocessed_rep06.csv
1-21_preprocessed,1,1,4.987,6.713,1.726,5.387,0.945274802171312,0.710717729000585,valid,valid_with_elevated_boundary,segmented_records/1-21_preprocessed/1-21_preprocessed_rep01.csv
1-21_preprocessed,1,2,10.861,12.59,1.729,11.291,1.70377846346912,0.821797761751249,valid,valid_complete_cycle,segmented_records/1-21_preprocessed/1-21_preprocessed_rep02.csv
1-21_preprocessed,1,3,14.0855,15.9735,1.888,14.5085,1.67263148274554,0.884609109697279,valid,valid_complete_cycle,segmented_records/1-21_preprocessed/1-21_preprocessed_rep03.csv
1-21_preprocessed,1,4,19.2815,22.1085,2.827,20.0495,1.13894715702952,0.593826019825033,valid,valid_complete_cycle,segmented_records/1-21_preprocessed/1-21_preprocessed_rep04.csv
1-21_preprocessed,1,5,24.221,27.052,2.831,24.6055,1.2310983507945,0.589278598326166,valid,valid_complete_cycle,segmented_records/1-21_preprocessed/1-21_preprocessed_rep05.csv
1-22_preprocessed,1,1,4.756,7.6315,2.8755,5.8955,1.96871696081584,0.644637065757784,valid,valid_complete_cycle,segmented_records/1-22_preprocessed/1-22_preprocessed_rep01.csv
1-22_preprocessed,1,2,9.4675,12.6325,3.165,10.679,2.04748918632772,0.635856489886029,valid,valid_complete_cycle,segmented_records/1-22_preprocessed/1-22_preprocessed_rep02.csv
1-22_preprocessed,1,3,14.6685,17.7605,3.092,16.033,2.1630680321752,0.649747520529293,valid,valid_complete_cycle,segmented_records/1-22_preprocessed/1-22_preprocessed_rep03.csv
1-22_preprocessed,1,4,19.675,23.2905,3.6155,21.173,1.98163619014881,0.540282385229685,valid,valid_complete_cycle,segmented_records/1-22_preprocessed/1-22_preprocessed_rep04.csv
1-22_preprocessed,1,5,24.639,27.655,3.016,25.9735,1.97224932674905,0.654209673707669,valid,valid_complete_cycle,segmented_records/1-22_preprocessed/1-22_preprocessed_rep05.csv
1-23_preprocessed,1,1,4.493,7.488,2.995,5.9995,2.01213112584098,0.619073168170442,valid,valid_complete_cycle,segmented_records/1-23_preprocessed/1-23_preprocessed_rep01.csv
1-23_preprocessed,1,2,9.613,12.2455,2.6325,10.8,1.65285382029931,0.588305256081065,valid,valid_complete_cycle,segmented_records/1-23_preprocessed/1-23_preprocessed_rep02.csv
1-23_preprocessed,1,3,14.4135,17.265,2.8515,15.666,2.06071349303726,0.71360790814781,valid,valid_complete_cycle,segmented_records/1-23_preprocessed/1-23_preprocessed_rep03.csv
1-23_preprocessed,1,4,19.355,22.274,2.919,20.721,2.10067378489388,0.662206252159278,valid,valid_complete_cycle,segmented_records/1-23_preprocessed/1-23_preprocessed_rep04.csv
1-23_preprocessed,1,5,24.881,27.455,2.574,26.1105,2.12113180110982,0.745453884827235,valid,valid_complete_cycle,segmented_records/1-23_preprocessed/1-23_preprocessed_rep05.csv
1-24_preprocessed,1,1,6.1285,9.315,3.1865,7.249,1.11936286406782,0.488546367307552,valid,valid_complete_cycle,segmented_records/1-24_preprocessed/1-24_preprocessed_rep01.csv
1-24_preprocessed,1,2,9.524,13.8935,4.3695,12.0455,1.76330413244119,0.497554403440703,valid,valid_complete_cycle,segmented_records/1-24_preprocessed/1-24_preprocessed_rep02.csv
1-24_preprocessed,1,3,16.0855,18.66,2.5745,16.7995,2.12852072622736,0.628610065597685,valid,valid_complete_cycle,segmented_records/1-24_preprocessed/1-24_preprocessed_rep03.csv
1-24_preprocessed,1,4,19.0005,23.7945,4.794,21.7225,1.5736170108401,0.442887675236981,valid,valid_complete_cycle,segmented_records/1-24_preprocessed/1-24_preprocessed_rep04.csv
1-24_preprocessed,1,5,26.294,29.064,2.77,27.07,2.04876176296414,0.700265433414327,valid,valid_complete_cycle,segmented_records/1-24_preprocessed/1-24_preprocessed_rep05.csv
1-25_preprocessed,1,1,4.9975,8.5305,3.533,6.1305,1.0363026342708,0.525264422377555,valid,valid_complete_cycle,segmented_records/1-25_preprocessed/1-25_preprocessed_rep01.csv
1-25_preprocessed,1,2,10.4325,13.9495,3.517,11.114,1.38773171841638,0.50529008251911,valid,valid_complete_cycle,segmented_records/1-25_preprocessed/1-25_preprocessed_rep02.csv
1-25_preprocessed,1,3,14.9355,18.143,3.2075,15.683,1.66639919536161,0.544206849834158,valid,valid_complete_cycle,segmented_records/1-25_preprocessed/1-25_preprocessed_rep03.csv
1-25_preprocessed,1,4,20.3175,23.354,3.0365,21.2995,1.64215110267746,0.593664765613849,valid,valid_complete_cycle,segmented_records/1-25_preprocessed/1-25_preprocessed_rep04.csv
1-25_preprocessed,1,5,25.0795,28.45,3.3705,25.972,1.88545002309204,0.589047030468646,valid,valid_complete_cycle,segmented_records/1-25_preprocessed/1-25_preprocessed_rep05.csv
1-2_preprocessed,1,1,5.054,8.44,3.386,6.0855,1.23552878276011,0.629754065259518,valid,valid_complete_cycle,segmented_records/1-2_preprocessed/1-2_preprocessed_rep01.csv
1-2_preprocessed,1,2,10.408,13.7175,3.3095,11.1655,1.48659081529992,0.621738319789854,valid,valid_complete_cycle,segmented_records/1-2_preprocessed/1-2_preprocessed_rep02.csv
1-2_preprocessed,1,3,15.464,19.095,3.631,16.4155,1.22792774635118,0.549154593975564,valid,valid_complete_cycle,segmented_records/1-2_preprocessed/1-2_preprocessed_rep03.csv
1-2_preprocessed,1,4,20.436,24.102,3.666,21.337,1.44618036103149,0.608923824191709,valid,valid_complete_cycle,segmented_records/1-2_preprocessed/1-2_preprocessed_rep04.csv
1-2_preprocessed,1,5,25.2345,28.647,3.4125,26.0155,2.16571453642209,0.616531421506964,valid,valid_complete_cycle,segmented_records/1-2_preprocessed/1-2_preprocessed_rep05.csv
1-2_preprocessed,1,6,29.976,30.4785,0.502500000000001,30.3815,0.727102952708107,0.443183521387135,rejected,record_ended_before_return_to_quiet,
1-3_preprocessed,1,1,3.837,9.0735,5.2365,5.3985,1.16223854473609,0.424567880471727,valid,valid_complete_cycle,segmented_records/1-3_preprocessed/1-3_preprocessed_rep01.csv
1-3_preprocessed,1,2,9.074,14.408,5.334,11.8595,1.26148053166203,0.451648427998398,valid,valid_complete_cycle,segmented_records/1-3_preprocessed/1-3_preprocessed_rep02.csv
1-3_preprocessed,1,3,15,19.7395,4.7395,15.4435,1.18595050938382,0.451011336686441,valid,valid_complete_cycle,segmented_records/1-3_preprocessed/1-3_preprocessed_rep03.csv
1-3_preprocessed,1,4,19.8925,23.9835,4.091,21.5395,1.85107946318467,0.536589345769266,valid,valid_complete_cycle,segmented_records/1-3_preprocessed/1-3_preprocessed_rep04.csv
1-3_preprocessed,1,5,25.1645,27.1665,2.002,26.566,1.32383174473606,0.75583762716503,valid,valid_complete_cycle,segmented_records/1-3_preprocessed/1-3_preprocessed_rep05.csv
1-3_preprocessed,1,6,27.167,29.0825,1.9155,27.5405,0.492243202083314,0.354833779415674,rejected,duplicate_slot_peak,
1-4_preprocessed,1,1,5.014,9.4255,4.4115,6.611,1.21885379455692,0.451874345134482,valid,valid_complete_cycle,segmented_records/1-4_preprocessed/1-4_preprocessed_rep01.csv
1-4_preprocessed,1,2,10.0575,14.1525,4.095,11.8215,1.44550759924964,0.530265936180613,valid,valid_complete_cycle,segmented_records/1-4_preprocessed/1-4_preprocessed_rep02.csv
1-4_preprocessed,1,3,15.194,19.2315,4.0375,16.7535,1.62038613213221,0.560145799733081,valid,valid_complete_cycle,segmented_records/1-4_preprocessed/1-4_preprocessed_rep03.csv
1-4_preprocessed,1,4,19.9965,24.003,4.0065,21.709,1.73709171481568,0.623501991021714,valid,valid_complete_cycle,segmented_records/1-4_preprocessed/1-4_preprocessed_rep04.csv
1-4_preprocessed,1,5,25.061,28.7415,3.6805,26.6495,1.60851735213642,0.695226369437954,valid,valid_complete_cycle,segmented_records/1-4_preprocessed/1-4_preprocessed_rep05.csv
1-4_preprocessed,1,6,28.742,30.5195,1.7775,28.742,0.377435561670812,0.23190682174066,rejected,duplicate_slot_peak,
1-5_preprocessed,1,1,5.946,10.683,4.737,7.412,1.19907846102055,0.408420491358716,valid,valid_complete_cycle,segmented_records/1-5_preprocessed/1-5_preprocessed_rep01.csv
1-5_preprocessed,1,2,10.751,15.3565,4.6055,12.484,1.45468219646551,0.466926057345889,valid,valid_complete_cycle,segmented_records/1-5_preprocessed/1-5_preprocessed_rep02.csv
1-5_preprocessed,1,3,15.9305,20.26,4.3295,17.677,2.28028853771659,0.61839471635095,valid,valid_complete_cycle,segmented_records/1-5_preprocessed/1-5_preprocessed_rep03.csv
1-5_preprocessed,1,4,20.2605,25.6,5.3395,22.539,1.87406388758712,0.560603726022112,valid,valid_complete_cycle,segmented_records/1-5_preprocessed/1-5_preprocessed_rep04.csv
1-5_preprocessed,1,5,25.6005,30.05,4.4495,27.723,1.90511204020242,0.643120693573288,valid,valid_complete_cycle,segmented_records/1-5_preprocessed/1-5_preprocessed_rep05.csv
1-6_preprocessed,1,1,4.5675,8.5675,4,5.5935,1.38395573475657,0.554313864885918,valid,valid_complete_cycle,segmented_records/1-6_preprocessed/1-6_preprocessed_rep01.csv
1-6_preprocessed,1,2,9.8245,14.2045,4.38,10.968,1.6593289687217,0.569360175314883,valid,valid_complete_cycle,segmented_records/1-6_preprocessed/1-6_preprocessed_rep02.csv
1-6_preprocessed,1,3,14.227,18.4605,4.2335,15.808,1.22679785942431,0.552506231000055,valid,valid_complete_cycle,segmented_records/1-6_preprocessed/1-6_preprocessed_rep03.csv
1-6_preprocessed,1,4,19.8785,22.913,3.0345,20.7625,1.41981981455978,0.631853628874939,valid,valid_complete_cycle,segmented_records/1-6_preprocessed/1-6_preprocessed_rep04.csv
1-6_preprocessed,1,5,25.168,28.19,3.022,26.073,1.60155166356181,0.664734036696542,valid,valid_complete_cycle,segmented_records/1-6_preprocessed/1-6_preprocessed_rep05.csv
1-6_preprocessed,1,6,30.3445,30.857,0.512499999999999,30.857,0.537768174359394,0.287721531355258,rejected,record_ended_before_return_to_quiet,
1-7_preprocessed,1,1,4.3355,8.361,4.0255,4.873,1.05355120817937,0.514820459378858,valid,valid_complete_cycle,segmented_records/1-7_preprocessed/1-7_preprocessed_rep01.csv
1-7_preprocessed,1,2,9.135,13.5135,4.3785,9.891,1.19949544109114,0.576999060187137,valid,valid_complete_cycle,segmented_records/1-7_preprocessed/1-7_preprocessed_rep02.csv
1-7_preprocessed,1,3,14.2115,18.537,4.3255,15.5915,1.11764554017127,0.561641346860938,valid,valid_complete_cycle,segmented_records/1-7_preprocessed/1-7_preprocessed_rep03.csv
1-7_preprocessed,1,4,19.0345,23.4205,4.386,22.187,1.29467608033205,0.614950725464451,valid,valid_complete_cycle,segmented_records/1-7_preprocessed/1-7_preprocessed_rep04.csv
1-7_preprocessed,1,5,23.5515,28.454,4.9025,25.9565,1.02356716233217,0.536277523463671,valid,valid_complete_cycle,segmented_records/1-7_preprocessed/1-7_preprocessed_rep05.csv
1-7_preprocessed,1,6,29.3615,30.883,1.5215,30.213,1.34918312295837,0.755253075138792,rejected,record_ended_before_return_to_quiet,
1-8_preprocessed,1,1,4.355,8.6425,4.2875,5.2165,0.740485232580765,0.43140798594133,valid,valid_complete_cycle,segmented_records/1-8_preprocessed/1-8_preprocessed_rep01.csv
1-8_preprocessed,1,2,9.438,13.513,4.075,9.9425,1.04760199358836,0.516965059692947,valid,valid_complete_cycle,segmented_records/1-8_preprocessed/1-8_preprocessed_rep02.csv
1-8_preprocessed,1,3,14.1725,18.3505,4.178,16.2265,0.915835715566849,0.522724709831917,valid,valid_complete_cycle,segmented_records/1-8_preprocessed/1-8_preprocessed_rep03.csv
1-8_preprocessed,1,4,19.085,23.6455,4.5605,20.0035,1.29295923010364,0.62888419712966,valid,valid_complete_cycle,segmented_records/1-8_preprocessed/1-8_preprocessed_rep04.csv
1-8_preprocessed,1,5,24.2975,28.812,4.5145,25.835,1.10256538336683,0.599470174097688,valid,valid_complete_cycle,segmented_records/1-8_preprocessed/1-8_preprocessed_rep05.csv
1-8_preprocessed,1,6,29.369,31.466,2.097,31.4005,1.23152354518661,0.765559513655225,rejected,record_ended_before_return_to_quiet,
1-9_preprocessed,1,1,4.2565,8.575,4.3185,5.326,0.642404124547849,0.354366205258451,valid,valid_complete_cycle,segmented_records/1-9_preprocessed/1-9_preprocessed_rep01.csv
1-9_preprocessed,1,2,9.3335,14.274,4.9405,10.966,0.895188430725935,0.441938079861064,valid,valid_complete_cycle,segmented_records/1-9_preprocessed/1-9_preprocessed_rep02.csv
1-9_preprocessed,1,3,14.2745,18.6635,4.389,16.266,1.79102708813364,0.680506866987033,valid,valid_complete_cycle,segmented_records/1-9_preprocessed/1-9_preprocessed_rep03.csv
1-9_preprocessed,1,4,18.664,23.666,5.002,20.878,1.2804107725754,0.584365997241936,valid,valid_complete_cycle,segmented_records/1-9_preprocessed/1-9_preprocessed_rep04.csv
1-9_preprocessed,1,5,23.791,28.4215,4.6305,25.403,1.10327163961517,0.558682629883719,valid,valid_complete_cycle,segmented_records/1-9_preprocessed/1-9_preprocessed_rep05.csv
1-9_preprocessed,1,6,29.0625,30.2935,1.231,30.0155,0.994468162294893,0.620531626251448,rejected,record_ended_before_return_to_quiet,
2-10_preprocessed,2,1,4.858,7.6575,2.7995,6.354,1.91978006808807,0.752671571352394,valid,valid_complete_cycle,segmented_records/2-10_preprocessed/2-10_preprocessed_rep01.csv
2-10_preprocessed,2,2,10.6645,13.331,2.6665,11.7,1.41694800110795,0.553989635822255,valid,valid_complete_cycle,segmented_records/2-10_preprocessed/2-10_preprocessed_rep02.csv
2-10_preprocessed,2,3,15.154,17.5935,2.4395,16.2865,1.26171339186051,0.575036941152937,valid,valid_complete_cycle,segmented_records/2-10_preprocessed/2-10_preprocessed_rep03.csv
2-10_preprocessed,2,4,20.0865,23.6665,3.58,21.051,1.37824379414642,0.505394478786094,valid,valid_complete_cycle,segmented_records/2-10_preprocessed/2-10_preprocessed_rep04.csv
2-10_preprocessed,2,5,23.706,28.171,4.465,26.0435,1.46317096267061,0.429205301909464,valid,valid_complete_cycle,segmented_records/2-10_preprocessed/2-10_preprocessed_rep05.csv
2-11_preprocessed,2,1,5.8305,7.8825,2.052,6.6195,1.58145533975444,0.643713253151514,valid,valid_complete_cycle,segmented_records/2-11_preprocessed/2-11_preprocessed_rep01.csv
2-11_preprocessed,2,2,10.969,13.618,2.649,11.9715,1.64827241626668,0.617611657720924,valid,valid_complete_cycle,segmented_records/2-11_preprocessed/2-11_preprocessed_rep02.csv
2-11_preprocessed,2,3,15.9105,18.1045,2.194,16.77,1.79258608666315,0.716119940396435,valid,valid_complete_cycle,segmented_records/2-11_preprocessed/2-11_preprocessed_rep03.csv
2-11_preprocessed,2,4,20.949,23.1175,2.1685,21.835,1.56733021149368,0.634354138981983,valid,valid_complete_cycle,segmented_records/2-11_preprocessed/2-11_preprocessed_rep04.csv
2-11_preprocessed,2,5,25.614,28.319,2.705,26.623,1.66242233940132,0.663778135676639,valid,valid_complete_cycle,segmented_records/2-11_preprocessed/2-11_preprocessed_rep05.csv
2-12_preprocessed,2,1,7.5775,9.6225,2.045,8.494,2.07315339178001,0.846922870351561,valid,valid_complete_cycle,segmented_records/2-12_preprocessed/2-12_preprocessed_rep01.csv
2-12_preprocessed,2,2,12.6165,14.716,2.0995,13.5765,1.72711349760853,0.71243062709206,valid,valid_complete_cycle,segmented_records/2-12_preprocessed/2-12_preprocessed_rep02.csv
2-12_preprocessed,2,3,17.7255,19.811,2.0855,18.6525,2.19786363105316,0.781882074263899,valid,valid_complete_cycle,segmented_records/2-12_preprocessed/2-12_preprocessed_rep03.csv
2-12_preprocessed,2,4,22.6665,25.1745,2.508,23.5005,2.03482314173452,0.74481232779186,valid,valid_complete_cycle,segmented_records/2-12_preprocessed/2-12_preprocessed_rep04.csv
2-12_preprocessed,2,5,27.535,29.721,2.186,28.3235,2.05386474973404,0.827219224163049,valid,valid_complete_cycle,segmented_records/2-12_preprocessed/2-12_preprocessed_rep05.csv
2-13_preprocessed,2,1,5.955,9.0505,3.0955,6.85,1.30605229521272,0.37421048647625,valid,valid_complete_cycle,segmented_records/2-13_preprocessed/2-13_preprocessed_rep01.csv
2-13_preprocessed,2,2,11.0765,14.315,3.2385,11.9975,1.45466357295287,0.528542813488069,valid,valid_complete_cycle,segmented_records/2-13_preprocessed/2-13_preprocessed_rep02.csv
2-13_preprocessed,2,3,15.5825,19.6415,4.059,16.4885,1.27246758025039,0.484388128300781,valid,valid_complete_cycle,segmented_records/2-13_preprocessed/2-13_preprocessed_rep03.csv
2-13_preprocessed,2,4,20.606,24.6965,4.0905,21.8175,1.18157904721936,0.481708213074661,valid,valid_complete_cycle,segmented_records/2-13_preprocessed/2-13_preprocessed_rep04.csv
2-13_preprocessed,2,5,24.697,27.9745,3.2775,27.24,1.29308010095656,0.503708149669147,valid,valid_complete_cycle,segmented_records/2-13_preprocessed/2-13_preprocessed_rep05.csv
2-13_preprocessed,2,6,27.975,32.485,4.51,28.5575,0.760417442214782,0.414256864970042,rejected,duplicate_slot_peak,
2-14_preprocessed,2,1,5.1525,8.643,3.4905,6.1265,1.0232107914497,0.431449043614125,valid,valid_complete_cycle,segmented_records/2-14_preprocessed/2-14_preprocessed_rep01.csv
2-14_preprocessed,2,2,9.924,13.377,3.453,10.798,0.947194639488424,0.507866451761446,valid,valid_complete_cycle,segmented_records/2-14_preprocessed/2-14_preprocessed_rep02.csv
2-14_preprocessed,2,3,13.3775,18.8035,5.426,15.256,1.01731290523295,0.372053470193925,valid,valid_complete_cycle,segmented_records/2-14_preprocessed/2-14_preprocessed_rep03.csv
2-14_preprocessed,2,4,19.8635,24.202,4.3385,20.3935,1.55956159432918,0.463603051032967,valid,valid_complete_cycle,segmented_records/2-14_preprocessed/2-14_preprocessed_rep04.csv
2-14_preprocessed,2,5,24.683,28.0735,3.3905,25.6785,1.89401648802178,0.613093706847046,valid,valid_complete_cycle,segmented_records/2-14_preprocessed/2-14_preprocessed_rep05.csv
2-14_preprocessed,2,6,28.11,30.481,2.371,29.4935,0.401816186398559,0.252935402486404,rejected,weak_extra_rep_candidate,
2-15_preprocessed,2,1,4.3915,7.504,3.1125,5.374,1.51457087905898,0.549376276712555,valid,valid_complete_cycle,segmented_records/2-15_preprocessed/2-15_preprocessed_rep01.csv
2-15_preprocessed,2,2,10.8555,14.4315,3.576,11.6315,1.3526821675152,0.449779588494658,valid,valid_complete_cycle,segmented_records/2-15_preprocessed/2-15_preprocessed_rep02.csv
2-15_preprocessed,2,3,15.4675,18.815,3.3475,16.567,1.41537313594728,0.476998298682668,valid,valid_complete_cycle,segmented_records/2-15_preprocessed/2-15_preprocessed_rep03.csv
2-15_preprocessed,2,4,20.7175,23.5445,2.827,21.7115,1.69789915727527,0.646789296712186,valid,valid_complete_cycle,segmented_records/2-15_preprocessed/2-15_preprocessed_rep04.csv
2-15_preprocessed,2,5,25.881,28.363,2.482,26.648,1.85221362151381,0.676524194395269,valid,valid_complete_cycle,segmented_records/2-15_preprocessed/2-15_preprocessed_rep05.csv
2-16_preprocessed,2,1,6.256,8.976,2.72,7.327,1.62323638913067,0.641730474690762,valid,valid_complete_cycle,segmented_records/2-16_preprocessed/2-16_preprocessed_rep01.csv
2-16_preprocessed,2,2,11.264,14.4385,3.1745,12.0995,1.42953803364913,0.508554671269991,valid,valid_complete_cycle,segmented_records/2-16_preprocessed/2-16_preprocessed_rep02.csv
2-16_preprocessed,2,3,16.2535,19.8065,3.553,17.557,1.79227546524494,0.53293485453729,valid,valid_complete_cycle,segmented_records/2-16_preprocessed/2-16_preprocessed_rep03.csv
2-16_preprocessed,2,4,21.1965,24.0285,2.832,22.0205,1.8973259143041,0.657144791207715,valid,valid_complete_cycle,segmented_records/2-16_preprocessed/2-16_preprocessed_rep04.csv
2-16_preprocessed,2,5,26.286,29.05,2.764,27.1725,1.66994621382644,0.610877921948759,valid,valid_complete_cycle,segmented_records/2-16_preprocessed/2-16_preprocessed_rep05.csv
2-17_preprocessed,2,1,6.494,8.9885,2.4945,7.451,2.98446010962549,0.828191488628017,valid,valid_complete_cycle,segmented_records/2-17_preprocessed/2-17_preprocessed_rep01.csv
2-17_preprocessed,2,2,10.51,14.8445,4.3345,12.4185,1.61459473862119,0.525492954330071,valid,valid_complete_cycle,segmented_records/2-17_preprocessed/2-17_preprocessed_rep02.csv
2-17_preprocessed,2,3,16.245,19.945,3.7,17.2165,2.22350826720717,0.559278759351314,valid,valid_complete_cycle,segmented_records/2-17_preprocessed/2-17_preprocessed_rep03.csv
2-17_preprocessed,2,4,21.152,23.9365,2.7845,22.079,2.00902118546972,0.624229133901703,valid,valid_complete_cycle,segmented_records/2-17_preprocessed/2-17_preprocessed_rep04.csv
2-17_preprocessed,2,5,26.1725,29.4845,3.312,27.175,2.38710339618367,0.63845680950068,valid,valid_complete_cycle,segmented_records/2-17_preprocessed/2-17_preprocessed_rep05.csv
2-18_preprocessed,2,1,6.0675,9.333,3.2655,7.1095,2.24877166747846,0.690971068648676,valid,valid_complete_cycle,segmented_records/2-18_preprocessed/2-18_preprocessed_rep01.csv
2-18_preprocessed,2,2,11.182,14.6605,3.4785,12.244,1.73671391890471,0.498843063535724,valid,valid_complete_cycle,segmented_records/2-18_preprocessed/2-18_preprocessed_rep02.csv
2-18_preprocessed,2,3,15.8535,20.4715,4.618,17.053,1.60120142510227,0.447805206789966,valid,valid_complete_cycle,segmented_records/2-18_preprocessed/2-18_preprocessed_rep03.csv
2-18_preprocessed,2,4,21.2995,23.854,2.5545,22.3645,2.11396686909649,0.716433406745938,valid,valid_complete_cycle,segmented_records/2-18_preprocessed/2-18_preprocessed_rep04.csv
2-18_preprocessed,2,5,26.082,29.183,3.101,26.98,1.68819971634915,0.593282552250062,valid,valid_complete_cycle,segmented_records/2-18_preprocessed/2-18_preprocessed_rep05.csv
2-19_preprocessed,2,1,5.9815,8.7435,2.762,7.004,1.90182631597714,0.674110939109134,valid,valid_complete_cycle,segmented_records/2-19_preprocessed/2-19_preprocessed_rep01.csv
2-19_preprocessed,2,2,10.987,13.9275,2.9405,11.9065,1.90050967629102,0.536385590636117,valid,valid_complete_cycle,segmented_records/2-19_preprocessed/2-19_preprocessed_rep02.csv
2-19_preprocessed,2,3,15.9145,19.137,3.2225,16.658,1.87690755332338,0.677656355360836,valid,valid_complete_cycle,segmented_records/2-19_preprocessed/2-19_preprocessed_rep03.csv
2-19_preprocessed,2,4,20.9335,23.5625,2.629,21.8845,1.86429505222091,0.718640376040543,valid,valid_complete_cycle,segmented_records/2-19_preprocessed/2-19_preprocessed_rep04.csv
2-19_preprocessed,2,5,26.1055,28.7585,2.653,26.9915,1.73176163484833,0.616962785230463,valid,valid_complete_cycle,segmented_records/2-19_preprocessed/2-19_preprocessed_rep05.csv
2-1_preprocessed,2,1,1.0655,2.5075,1.442,1.7175,1.15039764158585,0.690814225494134,valid,valid_complete_cycle,segmented_records/2-1_preprocessed/2-1_preprocessed_rep01.csv
2-1_preprocessed,2,2,5.839,7.146,1.307,6.5475,1.4640464427112,0.893481369110344,valid,valid_with_elevated_boundary,segmented_records/2-1_preprocessed/2-1_preprocessed_rep02.csv
2-1_preprocessed,2,3,11.118,12.688,1.57,12.005,1.51465617927426,0.881173003076313,valid,valid_with_elevated_boundary,segmented_records/2-1_preprocessed/2-1_preprocessed_rep03.csv
2-1_preprocessed,2,4,16.0005,17.6015,1.601,16.9825,1.81377909330386,0.987893486995515,valid,valid_with_elevated_boundary,segmented_records/2-1_preprocessed/2-1_preprocessed_rep04.csv
2-1_preprocessed,2,5,21.216,22.6505,1.4345,21.9795,1.4708773084192,0.846763300472046,valid,valid_complete_cycle,segmented_records/2-1_preprocessed/2-1_preprocessed_rep05.csv
2-20_preprocessed,2,1,6.66,8.994,2.334,7.49,2.25175931498674,0.901053200683099,valid,valid_complete_cycle,segmented_records/2-20_preprocessed/2-20_preprocessed_rep01.csv
2-20_preprocessed,2,2,10.9855,13.296,2.3105,11.791,1.12321463763003,0.519777263044837,valid,valid_complete_cycle,segmented_records/2-20_preprocessed/2-20_preprocessed_rep02.csv
2-20_preprocessed,2,3,15.931,18.3195,2.3885,16.9155,1.64001012957149,0.680713172918453,valid,valid_complete_cycle,segmented_records/2-20_preprocessed/2-20_preprocessed_rep03.csv
2-20_preprocessed,2,4,21.083,23.3285,2.2455,22.118,1.90579433901901,0.757377360631737,valid,valid_complete_cycle,segmented_records/2-20_preprocessed/2-20_preprocessed_rep04.csv
2-20_preprocessed,2,5,25.789,28.8115,3.0225,26.59,2.37579679136244,0.796111560137526,valid,valid_complete_cycle,segmented_records/2-20_preprocessed/2-20_preprocessed_rep05.csv
2-21_preprocessed,2,1,4.9115,7.73,2.8185,6.0425,1.8142391126298,0.610257660527328,valid,valid_complete_cycle,segmented_records/2-21_preprocessed/2-21_preprocessed_rep01.csv
2-21_preprocessed,2,2,10.8245,13.2475,2.423,11.4875,1.76882198559826,0.659256555096947,valid,valid_complete_cycle,segmented_records/2-21_preprocessed/2-21_preprocessed_rep02.csv
2-21_preprocessed,2,3,15.464,18.2005,2.7365,16.6185,1.77323920209888,0.619025437231679,valid,valid_complete_cycle,segmented_records/2-21_preprocessed/2-21_preprocessed_rep03.csv
2-21_preprocessed,2,4,21.1245,23.64,2.5155,22.302,1.52253294644735,0.738851232543249,valid,valid_complete_cycle,segmented_records/2-21_preprocessed/2-21_preprocessed_rep04.csv
2-21_preprocessed,2,5,25.938,28.1125,2.1745,26.7465,1.58251020499405,0.730473396441346,valid,valid_complete_cycle,segmented_records/2-21_preprocessed/2-21_preprocessed_rep05.csv
2-22_preprocessed,2,1,5.826,8.661,2.835,7.1605,1.59222455205861,0.671450606919876,valid,valid_complete_cycle,segmented_records/2-22_preprocessed/2-22_preprocessed_rep01.csv
2-22_preprocessed,2,2,12.6,15.3985,2.7985,13.5255,1.59408693708026,0.605918461387631,valid,valid_complete_cycle,segmented_records/2-22_preprocessed/2-22_preprocessed_rep02.csv
2-22_preprocessed,2,3,16.913,19.115,2.202,17.755,1.98126836295128,0.706681070578664,valid,valid_complete_cycle,segmented_records/2-22_preprocessed/2-22_preprocessed_rep03.csv
2-22_preprocessed,2,4,21.2415,23.612,2.3705,22.1075,1.83351542248755,0.683656826218178,valid,valid_complete_cycle,segmented_records/2-22_preprocessed/2-22_preprocessed_rep04.csv
2-22_preprocessed,2,5,26.021,28.5965,2.5755,27.0585,2.07469443675218,0.678450082703957,valid,valid_complete_cycle,segmented_records/2-22_preprocessed/2-22_preprocessed_rep05.csv
2-23_preprocessed,2,1,5.893,8.8395,2.9465,7.044,1.69634718200647,0.669327874307083,valid,valid_complete_cycle,segmented_records/2-23_preprocessed/2-23_preprocessed_rep01.csv
2-23_preprocessed,2,2,10.2235,14.146,3.9225,10.704,2.0401067203858,0.561729625192322,valid,valid_complete_cycle,segmented_records/2-23_preprocessed/2-23_preprocessed_rep02.csv
2-23_preprocessed,2,3,16.128,19.036,2.908,17.3045,1.62952981700833,0.648053143684265,valid,valid_complete_cycle,segmented_records/2-23_preprocessed/2-23_preprocessed_rep03.csv
2-23_preprocessed,2,4,21.2165,23.9945,2.778,22.0295,1.67029001334472,0.658932727263598,valid,valid_complete_cycle,segmented_records/2-23_preprocessed/2-23_preprocessed_rep04.csv
2-23_preprocessed,2,5,26.243,28.772,2.529,27.154,1.57098895469023,0.599516588805931,valid,valid_complete_cycle,segmented_records/2-23_preprocessed/2-23_preprocessed_rep05.csv
2-23_preprocessed,2,6,29.482,30.4505,0.968500000000002,29.9895,1.93539903624043,0.702033733462135,valid,valid_complete_cycle,segmented_records/2-23_preprocessed/2-23_preprocessed_rep06.csv
2-24_preprocessed,2,1,5.367,9.649,4.282,6.142,1.6951213907377,0.593711733138085,valid,valid_complete_cycle,segmented_records/2-24_preprocessed/2-24_preprocessed_rep01.csv
2-24_preprocessed,2,2,11.2945,13.8615,2.567,12.049,1.0307645720763,0.485556295735114,valid,valid_complete_cycle,segmented_records/2-24_preprocessed/2-24_preprocessed_rep02.csv
2-24_preprocessed,2,3,16.0745,18.476,2.4015,17.2525,1.48912783101682,0.694975909299654,valid,valid_complete_cycle,segmented_records/2-24_preprocessed/2-24_preprocessed_rep03.csv
2-24_preprocessed,2,4,21.433,23.8805,2.4475,22.4885,1.60183782854475,0.708398880647412,valid,valid_complete_cycle,segmented_records/2-24_preprocessed/2-24_preprocessed_rep04.csv
2-24_preprocessed,2,5,26.4565,28.7945,2.338,28.285,1.71169409740773,0.706093687317474,valid,valid_complete_cycle,segmented_records/2-24_preprocessed/2-24_preprocessed_rep05.csv
2-25_preprocessed,2,1,6.536,9.424,2.888,7.2875,1.82670634946971,0.627798280057424,valid,valid_complete_cycle,segmented_records/2-25_preprocessed/2-25_preprocessed_rep01.csv
2-25_preprocessed,2,2,13.1255,15.374,2.2485,13.85,1.5828240800093,0.488074662406937,valid,valid_complete_cycle,segmented_records/2-25_preprocessed/2-25_preprocessed_rep02.csv
2-25_preprocessed,2,3,15.7185,19.181,3.4625,16.864,1.81446510629773,0.55796696909645,valid,valid_complete_cycle,segmented_records/2-25_preprocessed/2-25_preprocessed_rep03.csv
2-25_preprocessed,2,4,20.7225,23.5025,2.78,21.467,1.29388314417895,0.538465479061964,valid,valid_complete_cycle,segmented_records/2-25_preprocessed/2-25_preprocessed_rep04.csv
2-25_preprocessed,2,5,25.6585,29.525,3.8665,29.0115,2.62688658415457,0.674706977954343,valid,valid_complete_cycle,segmented_records/2-25_preprocessed/2-25_preprocessed_rep05.csv
2-25_preprocessed,2,6,30.76,31.0785,0.318499999999997,31.0785,0.285149807946442,0.13989176826897,rejected,duplicate_slot_peak,
2-2_preprocessed,2,1,4.6585,7.984,3.3255,5.8755,1.43957716318174,0.54742583257888,valid,valid_complete_cycle,segmented_records/2-2_preprocessed/2-2_preprocessed_rep01.csv
2-2_preprocessed,2,2,9.0055,12.167,3.1615,10.6745,1.82903697739561,0.532223518907264,valid,valid_complete_cycle,segmented_records/2-2_preprocessed/2-2_preprocessed_rep02.csv
2-2_preprocessed,2,3,14.168,17.4495,3.2815,15.953,1.88253667907212,0.672100229310472,valid,valid_complete_cycle,segmented_records/2-2_preprocessed/2-2_preprocessed_rep03.csv
2-2_preprocessed,2,4,19.279,22.9555,3.6765,21.297,1.93937826801446,0.763274828750527,valid,valid_complete_cycle,segmented_records/2-2_preprocessed/2-2_preprocessed_rep04.csv
2-2_preprocessed,2,5,24.599,28.55,3.951,26.5975,1.89906850774788,0.67750469353784,valid,valid_complete_cycle,segmented_records/2-2_preprocessed/2-2_preprocessed_rep05.csv
2-3_preprocessed,2,1,4.576,7.1355,2.5595,5.9985,0.907480179387454,0.408520630926112,valid,valid_complete_cycle,segmented_records/2-3_preprocessed/2-3_preprocessed_rep01.csv
2-3_preprocessed,2,2,8.9465,12.6945,3.748,11.2795,1.48105986575825,0.544467849650962,valid,valid_complete_cycle,segmented_records/2-3_preprocessed/2-3_preprocessed_rep02.csv
2-3_preprocessed,2,3,13.569,17.755,4.186,16.0685,1.25012204150055,0.505319992578754,valid,valid_complete_cycle,segmented_records/2-3_preprocessed/2-3_preprocessed_rep03.csv
2-3_preprocessed,2,4,19.0555,23.0565,4.001,21.02,1.71389077272446,0.627452052119273,valid,valid_complete_cycle,segmented_records/2-3_preprocessed/2-3_preprocessed_rep04.csv
2-3_preprocessed,2,5,23.057,25.6525,2.5955,25.293,0.9771193462626,0.355287211177077,rejected,record_ended_before_return_to_quiet,
2-4_preprocessed,2,1,4.6395,7.421,2.7815,5.7785,1.28924500500929,0.596491861855744,valid,valid_complete_cycle,segmented_records/2-4_preprocessed/2-4_preprocessed_rep01.csv
2-4_preprocessed,2,2,10.81,13.5835,2.7735,12.0885,1.4919341366768,0.568843662313681,valid,valid_complete_cycle,segmented_records/2-4_preprocessed/2-4_preprocessed_rep02.csv
2-4_preprocessed,2,3,15.965,19.321,3.356,17.0505,1.26589095665296,0.467006945196305,valid,valid_complete_cycle,segmented_records/2-4_preprocessed/2-4_preprocessed_rep03.csv
2-4_preprocessed,2,4,20.6415,23.1905,2.549,21.8165,1.47906623670294,0.606681804910684,valid,valid_complete_cycle,segmented_records/2-4_preprocessed/2-4_preprocessed_rep04.csv
2-4_preprocessed,2,5,25.3285,28.608,3.2795,26.3,1.28285549053459,0.509221638619001,valid,valid_complete_cycle,segmented_records/2-4_preprocessed/2-4_preprocessed_rep05.csv
2-5_preprocessed,2,1,2.14,3.821,1.681,2.9465,1.02617208058295,0.636164584451974,valid,valid_complete_cycle,segmented_records/2-5_preprocessed/2-5_preprocessed_rep01.csv
2-5_preprocessed,2,2,7.0995,8.8225,1.723,7.997,1.58717321429415,0.867670208747636,valid,valid_complete_cycle,segmented_records/2-5_preprocessed/2-5_preprocessed_rep02.csv
2-5_preprocessed,2,3,12.269,13.9335,1.6645,13.1065,1.43559727244144,0.751197687309309,valid,valid_complete_cycle,segmented_records/2-5_preprocessed/2-5_preprocessed_rep03.csv
2-5_preprocessed,2,4,17.446,19.0245,1.5785,18.3045,1.61507297938215,0.837974757836862,valid,valid_complete_cycle,segmented_records/2-5_preprocessed/2-5_preprocessed_rep04.csv
2-5_preprocessed,2,5,22.2545,23.9545,1.7,23.2595,1.74071425684989,0.84745253361083,valid,valid_complete_cycle,segmented_records/2-5_preprocessed/2-5_preprocessed_rep05.csv
2-6_preprocessed,2,1,5.2025,7.899,2.6965,6.2685,1.63871633275474,0.583314302754142,valid,valid_complete_cycle,segmented_records/2-6_preprocessed/2-6_preprocessed_rep01.csv
2-6_preprocessed,2,2,10.2345,12.642,2.4075,11.2445,2.06823517642335,0.693680160000143,valid,valid_complete_cycle,segmented_records/2-6_preprocessed/2-6_preprocessed_rep02.csv
2-6_preprocessed,2,3,15.425,17.9695,2.5445,16.5405,1.94630936964832,0.723672658261486,valid,valid_complete_cycle,segmented_records/2-6_preprocessed/2-6_preprocessed_rep03.csv
2-6_preprocessed,2,4,20.246,22.5,2.254,21.4015,2.31625177837589,0.86675441751499,valid,valid_complete_cycle,segmented_records/2-6_preprocessed/2-6_preprocessed_rep04.csv
2-6_preprocessed,2,5,25.3045,27.5915,2.287,26.1995,1.8365349111479,0.772997970043218,valid,valid_complete_cycle,segmented_records/2-6_preprocessed/2-6_preprocessed_rep05.csv
2-6_preprocessed,2,6,30.485,31.4865,1.0015,31.2505,0.372111323558193,0.273922829764873,rejected,weak_extra_rep_candidate,
2-7_preprocessed,2,1,4.6365,7.5155,2.879,5.777,1.32327556102675,0.552276111376945,valid,valid_complete_cycle,segmented_records/2-7_preprocessed/2-7_preprocessed_rep01.csv
2-7_preprocessed,2,2,9.4475,11.7855,2.338,10.535,1.90357192454418,0.724542302105414,valid,valid_complete_cycle,segmented_records/2-7_preprocessed/2-7_preprocessed_rep02.csv
2-7_preprocessed,2,3,14.4495,16.829,2.3795,15.4845,1.67090716666504,0.696238209834855,valid,valid_complete_cycle,segmented_records/2-7_preprocessed/2-7_preprocessed_rep03.csv
2-7_preprocessed,2,4,19.7485,22.215,2.4665,20.6565,1.35053288524891,0.639382488242794,valid,valid_complete_cycle,segmented_records/2-7_preprocessed/2-7_preprocessed_rep04.csv
2-7_preprocessed,2,5,24.779,27.458,2.679,25.6695,1.35812338576999,0.586619817536826,valid,valid_complete_cycle,segmented_records/2-7_preprocessed/2-7_preprocessed_rep05.csv
2-8_preprocessed,2,1,3.7995,7.025,3.2255,5.9,1.45011057425502,0.596288919035906,valid,valid_complete_cycle,segmented_records/2-8_preprocessed/2-8_preprocessed_rep01.csv
2-8_preprocessed,2,2,9.855,13.626,3.771,10.933,1.35174534142914,0.400545475803463,valid,valid_complete_cycle,segmented_records/2-8_preprocessed/2-8_preprocessed_rep02.csv
2-8_preprocessed,2,3,14.751,18.8055,4.0545,15.6925,1.40504830883179,0.446556936533168,valid,valid_complete_cycle,segmented_records/2-8_preprocessed/2-8_preprocessed_rep03.csv
2-8_preprocessed,2,4,19.4745,22.447,2.9725,20.432,1.87313778319588,0.543626768481015,valid,valid_complete_cycle,segmented_records/2-8_preprocessed/2-8_preprocessed_rep04.csv
2-8_preprocessed,2,5,24.4675,27.2185,2.751,25.393,1.66453789138731,0.61914572573513,valid,valid_complete_cycle,segmented_records/2-8_preprocessed/2-8_preprocessed_rep05.csv
2-8_preprocessed,2,6,28.6975,29.4565,0.758999999999997,29.078,0.339853752739942,0.189151698446224,rejected,weak_extra_rep_candidate,
2-9_preprocessed,2,1,5.0695,8.9225,3.853,6.276,1.06513199695824,0.464086912253178,valid,valid_complete_cycle,segmented_records/2-9_preprocessed/2-9_preprocessed_rep01.csv
2-9_preprocessed,2,2,9.6685,11.354,1.6855,10.8025,1.30451029461249,0.697102740140449,valid,valid_complete_cycle,segmented_records/2-9_preprocessed/2-9_preprocessed_rep02.csv
2-9_preprocessed,2,3,14.8795,16.4765,1.597,16.0535,1.06331966237142,0.600081264628567,valid,valid_complete_cycle,segmented_records/2-9_preprocessed/2-9_preprocessed_rep03.csv
2-9_preprocessed,2,4,19.702,21.362,1.66,20.7835,0.946970587169812,0.58301951397702,valid,valid_complete_cycle,segmented_records/2-9_preprocessed/2-9_preprocessed_rep04.csv
2-9_preprocessed,2,5,25.242,27.9255,2.6835,26.1125,1.58202338473825,0.553014347749801,valid,valid_complete_cycle,segmented_records/2-9_preprocessed/2-9_preprocessed_rep05.csv
2-9_preprocessed,2,6,29.6445,31.268,1.6235,31.1995,0.760279043348622,0.517160372043047,rejected,weak_extra_rep_candidate,
3-10_preprocessed,3,1,4.865,7.8385,2.9735,6.0435,1.19097874458656,0.647461701627212,valid,valid_complete_cycle,segmented_records/3-10_preprocessed/3-10_preprocessed_rep01.csv
3-10_preprocessed,3,2,9.9985,12.895,2.8965,11.0435,1.23632467426333,0.67378583513813,valid,valid_complete_cycle,segmented_records/3-10_preprocessed/3-10_preprocessed_rep02.csv
3-10_preprocessed,3,3,15.783,18.689,2.906,16.853,1.17370000540482,0.709201534994761,valid,valid_complete_cycle,segmented_records/3-10_preprocessed/3-10_preprocessed_rep03.csv
3-10_preprocessed,3,4,20.2785,23.085,2.8065,20.941,1.03553304955708,0.684856825311004,valid,valid_complete_cycle,segmented_records/3-10_preprocessed/3-10_preprocessed_rep04.csv
3-10_preprocessed,3,5,24.713,27.566,2.853,25.6525,1.17959692477068,0.676019669925192,valid,valid_complete_cycle,segmented_records/3-10_preprocessed/3-10_preprocessed_rep05.csv
3-11_preprocessed,3,1,4.579,7.9495,3.3705,5.883,1.22723910483298,0.449452723609565,valid,valid_complete_cycle,segmented_records/3-11_preprocessed/3-11_preprocessed_rep01.csv
3-11_preprocessed,3,2,9.262,12.647,3.385,10.8365,1.32572095640221,0.569882125009123,valid,valid_complete_cycle,segmented_records/3-11_preprocessed/3-11_preprocessed_rep02.csv
3-11_preprocessed,3,3,14.707,18.805,4.098,15.6715,1.17083007801956,0.457914979674652,valid,valid_complete_cycle,segmented_records/3-11_preprocessed/3-11_preprocessed_rep03.csv
3-11_preprocessed,3,4,19.7035,22.641,2.9375,20.6835,1.39953610177973,0.566414933066494,valid,valid_complete_cycle,segmented_records/3-11_preprocessed/3-11_preprocessed_rep04.csv
3-11_preprocessed,3,5,24.541,27.319,2.778,25.769,1.31520565282089,0.623017725264288,valid,valid_complete_cycle,segmented_records/3-11_preprocessed/3-11_preprocessed_rep05.csv
3-11_preprocessed,3,6,29.4845,30.701,1.2165,30.621,1.45230593133014,0.811708599610182,rejected,record_ended_before_return_to_quiet,
3-12_preprocessed,3,1,3.7505,7.443,3.6925,5.711,1.38010471123951,0.510105744488706,valid,valid_complete_cycle,segmented_records/3-12_preprocessed/3-12_preprocessed_rep01.csv
3-12_preprocessed,3,2,9.5845,11.9525,2.368,10.6325,1.50894131169213,0.760484631868231,valid,valid_complete_cycle,segmented_records/3-12_preprocessed/3-12_preprocessed_rep02.csv
3-12_preprocessed,3,3,14.5895,17.097,2.5075,15.664,1.65809711172294,0.728421750589041,valid,valid_complete_cycle,segmented_records/3-12_preprocessed/3-12_preprocessed_rep03.csv
3-12_preprocessed,3,4,19.715,22.0955,2.3805,20.6835,1.54456753313431,0.722888675269199,valid,valid_complete_cycle,segmented_records/3-12_preprocessed/3-12_preprocessed_rep04.csv
3-12_preprocessed,3,5,24.8055,27.235,2.4295,25.8975,1.6566259326842,0.734324733151532,valid,valid_complete_cycle,segmented_records/3-12_preprocessed/3-12_preprocessed_rep05.csv
3-13_preprocessed,3,1,3.25,8.5405,5.2905,6.079,1.25887648936884,0.632442474679262,valid,valid_with_elevated_boundary,segmented_records/3-13_preprocessed/3-13_preprocessed_rep01.csv
3-13_preprocessed,3,2,9.6865,12.119,2.4325,10.659,1.40775441431025,0.605390153335057,valid,valid_complete_cycle,segmented_records/3-13_preprocessed/3-13_preprocessed_rep02.csv
3-13_preprocessed,3,3,14.589,16.874,2.285,15.415,1.20737719038222,0.591037645023454,valid,valid_complete_cycle,segmented_records/3-13_preprocessed/3-13_preprocessed_rep03.csv
3-13_preprocessed,3,4,19.8855,22.2505,2.365,20.7615,1.28175168199269,0.582229439670887,valid,valid_complete_cycle,segmented_records/3-13_preprocessed/3-13_preprocessed_rep04.csv
3-13_preprocessed,3,5,24.508,26.909,2.401,25.3955,1.50222588528876,0.6429688873106,valid,valid_complete_cycle,segmented_records/3-13_preprocessed/3-13_preprocessed_rep05.csv
3-14_preprocessed,3,1,3.75,7.8775,4.1275,6.4755,1.56387008741099,0.624243191720832,valid,valid_complete_cycle,segmented_records/3-14_preprocessed/3-14_preprocessed_rep01.csv
3-14_preprocessed,3,2,10.249,13.6395,3.3905,11.2245,1.33448636431102,0.582025396027776,valid,valid_complete_cycle,segmented_records/3-14_preprocessed/3-14_preprocessed_rep02.csv
3-14_preprocessed,3,3,13.9195,17.522,3.6025,16.004,1.56916308311783,0.534741941268068,valid,valid_complete_cycle,segmented_records/3-14_preprocessed/3-14_preprocessed_rep03.csv
3-14_preprocessed,3,4,20.344,22.616,2.272,21.238,1.23954873575368,0.664558460992037,valid,valid_complete_cycle,segmented_records/3-14_preprocessed/3-14_preprocessed_rep04.csv
3-14_preprocessed,3,5,24.8825,27.632,2.7495,26.109,1.49203708546956,0.615697582046965,valid,valid_complete_cycle,segmented_records/3-14_preprocessed/3-14_preprocessed_rep05.csv
3-15_preprocessed,3,1,6.308,9.0195,2.7115,7.3845,1.2115738016422,0.66715520802068,valid,valid_complete_cycle,segmented_records/3-15_preprocessed/3-15_preprocessed_rep01.csv
3-15_preprocessed,3,2,11.2465,14.03,2.7835,12.352,1.22727082455906,0.647963926475744,valid,valid_complete_cycle,segmented_records/3-15_preprocessed/3-15_preprocessed_rep02.csv
3-15_preprocessed,3,3,16.017,18.9735,2.9565,17.154,1.22207222021022,0.625671371025726,valid,valid_complete_cycle,segmented_records/3-15_preprocessed/3-15_preprocessed_rep03.csv
3-15_preprocessed,3,4,21.161,23.98,2.819,22.5055,1.11993817619144,0.679400439864114,valid,valid_complete_cycle,segmented_records/3-15_preprocessed/3-15_preprocessed_rep04.csv
3-15_preprocessed,3,5,26.123,29.0125,2.8895,27.3795,1.10082733058012,0.707716617363473,valid,valid_complete_cycle,segmented_records/3-15_preprocessed/3-15_preprocessed_rep05.csv
3-16_preprocessed,3,3,15.279,16.877,1.598,15.646,0.908492636772892,0.712744568996836,valid,valid_with_elevated_boundary,segmented_records/3-16_preprocessed/3-16_preprocessed_rep03.csv
3-16_preprocessed,3,4,19.2975,20.9955,1.698,20.166,0.907698052567838,0.765117857819143,valid,valid_with_elevated_boundary,segmented_records/3-16_preprocessed/3-16_preprocessed_rep04.csv
3-17_preprocessed,3,1,4.6415,8.7805,4.139,6.288,1.31069175055821,0.493007933214855,valid,valid_complete_cycle,segmented_records/3-17_preprocessed/3-17_preprocessed_rep01.csv
3-17_preprocessed,3,2,9.7185,14.119,4.4005,11.6625,1.23225089223151,0.504303207828162,valid,valid_complete_cycle,segmented_records/3-17_preprocessed/3-17_preprocessed_rep02.csv
3-17_preprocessed,3,3,14.1195,19.429,5.3095,16.543,1.26756557187916,0.536110614511453,valid,valid_complete_cycle,segmented_records/3-17_preprocessed/3-17_preprocessed_rep03.csv
3-17_preprocessed,3,4,19.4295,23.9895,4.56,21.0585,1.3489285673733,0.562047717691649,valid,valid_complete_cycle,segmented_records/3-17_preprocessed/3-17_preprocessed_rep04.csv
3-17_preprocessed,3,5,23.99,28.343,4.353,25.465,1.27542416384455,0.59803195231188,valid,valid_complete_cycle,segmented_records/3-17_preprocessed/3-17_preprocessed_rep05.csv
3-18_preprocessed,3,1,4.516,8.144,3.628,6.073,1.1337641900202,0.642183012998268,valid,valid_complete_cycle,segmented_records/3-18_preprocessed/3-18_preprocessed_rep01.csv
3-18_preprocessed,3,2,9.9185,12.657,2.7385,11.1615,1.24023142355636,0.633389607061312,valid,valid_complete_cycle,segmented_records/3-18_preprocessed/3-18_preprocessed_rep02.csv
3-18_preprocessed,3,3,15.385,18.183,2.798,16.3835,1.123705335426,0.677445409056709,valid,valid_complete_cycle,segmented_records/3-18_preprocessed/3-18_preprocessed_rep03.csv
3-18_preprocessed,3,4,20.3205,23.107,2.7865,21.768,1.2692717851551,0.699528496033223,valid,valid_complete_cycle,segmented_records/3-18_preprocessed/3-18_preprocessed_rep04.csv
3-18_preprocessed,3,5,25.2775,28.0645,2.787,26.29,1.33673576447706,0.713987333216524,valid,valid_complete_cycle,segmented_records/3-18_preprocessed/3-18_preprocessed_rep05.csv
3-19_preprocessed,3,1,6.387,9.291,2.904,7.499,1.13722907131077,0.626240404594796,valid,valid_complete_cycle,segmented_records/3-19_preprocessed/3-19_preprocessed_rep01.csv
3-19_preprocessed,3,2,11.461,14.146,2.685,13.05,1.2871645466753,0.754771867139022,valid,valid_complete_cycle,segmented_records/3-19_preprocessed/3-19_preprocessed_rep02.csv
3-19_preprocessed,3,3,16.0155,18.5915,2.576,17.0425,1.1369026538147,0.62310958302866,valid,valid_complete_cycle,segmented_records/3-19_preprocessed/3-19_preprocessed_rep03.csv
3-19_preprocessed,3,4,20.862,23.43,2.568,21.984,1.27899761876118,0.677282558408125,valid,valid_complete_cycle,segmented_records/3-19_preprocessed/3-19_preprocessed_rep04.csv
3-19_preprocessed,3,5,26.199,28.8605,2.6615,27.0125,1.23247934792345,0.691398328381319,valid,valid_complete_cycle,segmented_records/3-19_preprocessed/3-19_preprocessed_rep05.csv
3-1_preprocessed,3,1,4.601,7.8385,3.2375,5.806,0.97538293687,0.468420222073698,valid,valid_complete_cycle,segmented_records/3-1_preprocessed/3-1_preprocessed_rep01.csv
3-1_preprocessed,3,2,9.4765,12.6805,3.204,10.7745,1.31885509165975,0.643517983476617,valid,valid_complete_cycle,segmented_records/3-1_preprocessed/3-1_preprocessed_rep02.csv
3-1_preprocessed,3,3,13.543,17.127,3.584,15.102,1.24052840742267,0.54442346824936,valid,valid_complete_cycle,segmented_records/3-1_preprocessed/3-1_preprocessed_rep03.csv
3-1_preprocessed,3,4,19.257,21.992,2.735,19.951,1.38933725264012,0.661174451354483,valid,valid_complete_cycle,segmented_records/3-1_preprocessed/3-1_preprocessed_rep04.csv
3-1_preprocessed,3,5,24.6265,28.9185,4.292,25.3975,1.23757770885334,0.477304917959147,valid,valid_complete_cycle,segmented_records/3-1_preprocessed/3-1_preprocessed_rep05.csv
3-1_preprocessed,3,6,29.4335,32.2545,2.821,30.2545,1.30794483816563,0.62586122619636,valid,valid_complete_cycle,segmented_records/3-1_preprocessed/3-1_preprocessed_rep06.csv
3-20_preprocessed,3,1,5.7785,8.4665,2.688,6.824,1.26806635589899,0.727109368296281,valid,valid_complete_cycle,segmented_records/3-20_preprocessed/3-20_preprocessed_rep01.csv
3-20_preprocessed,3,2,10.8915,13.639,2.7475,11.8245,1.18835401584995,0.653182553518537,valid,valid_complete_cycle,segmented_records/3-20_preprocessed/3-20_preprocessed_rep02.csv
3-20_preprocessed,3,3,15.973,18.5755,2.6025,16.8365,1.15405540726819,0.675509878782686,valid,valid_complete_cycle,segmented_records/3-20_preprocessed/3-20_preprocessed_rep03.csv
3-20_preprocessed,3,4,20.5895,23.336,2.7465,21.8785,1.24772533520903,0.711420904449737,valid,valid_complete_cycle,segmented_records/3-20_preprocessed/3-20_preprocessed_rep04.csv
3-20_preprocessed,3,5,25.967,28.5095,2.5425,26.758,1.15454899919623,0.648375526233931,valid,valid_complete_cycle,segmented_records/3-20_preprocessed/3-20_preprocessed_rep05.csv
3-21_preprocessed,3,1,6.9635,9.6645,2.701,8.0445,1.17458812377656,0.659014792234909,valid,valid_complete_cycle,segmented_records/3-21_preprocessed/3-21_preprocessed_rep01.csv
3-21_preprocessed,3,2,11.215,13.799,2.584,12.4815,1.08948967253803,0.606949619263146,valid,valid_complete_cycle,segmented_records/3-21_preprocessed/3-21_preprocessed_rep02.csv
3-21_preprocessed,3,3,16.133,18.6765,2.5435,17.3255,1.47020625384529,0.787659684524679,valid,valid_complete_cycle,segmented_records/3-21_preprocessed/3-21_preprocessed_rep03.csv
3-21_preprocessed,3,4,20.989,23.5865,2.5975,22.154,1.93227147949539,0.880374941017123,valid,valid_complete_cycle,segmented_records/3-21_preprocessed/3-21_preprocessed_rep04.csv
3-21_preprocessed,3,5,26.2975,28.5925,2.295,26.992,1.26970452080932,0.639669324808564,valid,valid_complete_cycle,segmented_records/3-21_preprocessed/3-21_preprocessed_rep05.csv
3-22_preprocessed,3,1,4.391,7.053,2.662,5.452,1.36425593796525,0.727723954387048,valid,valid_complete_cycle,segmented_records/3-22_preprocessed/3-22_preprocessed_rep01.csv
3-22_preprocessed,3,2,9.693,12.0975,2.4045,10.518,1.26000655375179,0.636760229355046,valid,valid_complete_cycle,segmented_records/3-22_preprocessed/3-22_preprocessed_rep02.csv
3-22_preprocessed,3,3,15.679,18.161,2.482,16.6105,1.20763158873359,0.632627963182276,valid,valid_complete_cycle,segmented_records/3-22_preprocessed/3-22_preprocessed_rep03.csv
3-22_preprocessed,3,4,20.556,23.1055,2.5495,21.4575,1.20877737713048,0.705975054481468,valid,valid_complete_cycle,segmented_records/3-22_preprocessed/3-22_preprocessed_rep04.csv
3-22_preprocessed,3,5,25.818,28.326,2.508,26.7045,1.56525954194999,0.773061039504056,valid,valid_complete_cycle,segmented_records/3-22_preprocessed/3-22_preprocessed_rep05.csv
3-23_preprocessed,3,1,6.2825,9.1125,2.83,7.1095,1.21859386081177,0.751635957131159,valid,valid_complete_cycle,segmented_records/3-23_preprocessed/3-23_preprocessed_rep01.csv
3-23_preprocessed,3,2,12.4155,14.974,2.5585,13.809,1.02588264396217,0.590827441984568,valid,valid_complete_cycle,segmented_records/3-23_preprocessed/3-23_preprocessed_rep02.csv
3-23_preprocessed,3,3,18.3225,20.7935,2.471,19.405,1.24712297970574,0.725248117041788,valid,valid_complete_cycle,segmented_records/3-23_preprocessed/3-23_preprocessed_rep03.csv
3-23_preprocessed,3,4,22.5485,25.6865,3.138,24.39,1.32450492516986,0.664750605966163,valid,valid_complete_cycle,segmented_records/3-23_preprocessed/3-23_preprocessed_rep04.csv
3-23_preprocessed,3,5,28.063,30.531,2.468,28.8705,1.56926756278295,0.747974130929466,valid,valid_complete_cycle,segmented_records/3-23_preprocessed/3-23_preprocessed_rep05.csv
3-24_preprocessed,3,1,6.059,8.8045,2.7455,6.9815,1.57327308207368,0.797201138969821,valid,valid_complete_cycle,segmented_records/3-24_preprocessed/3-24_preprocessed_rep01.csv
3-24_preprocessed,3,2,11.047,13.4825,2.4355,12.3535,1.09858137262059,0.643508832933931,valid,valid_complete_cycle,segmented_records/3-24_preprocessed/3-24_preprocessed_rep02.csv
3-24_preprocessed,3,3,15.7245,18.2495,2.525,16.8845,1.42468792607227,0.75735848780928,valid,valid_complete_cycle,segmented_records/3-24_preprocessed/3-24_preprocessed_rep03.csv
3-24_preprocessed,3,4,20.603,22.9655,2.3625,21.7015,1.16141399763659,0.647412534763239,valid,valid_complete_cycle,segmented_records/3-24_preprocessed/3-24_preprocessed_rep04.csv
3-24_preprocessed,3,5,25.7635,28.244,2.4805,27.0985,1.31663115754083,0.762110735161268,valid,valid_complete_cycle,segmented_records/3-24_preprocessed/3-24_preprocessed_rep05.csv
3-25_preprocessed,3,1,4.379,6.9015,2.5225,5.39,1.81667242104972,0.78601366064107,valid,valid_complete_cycle,segmented_records/3-25_preprocessed/3-25_preprocessed_rep01.csv
3-25_preprocessed,3,2,9.679,12.699,3.02,11.1015,1.60455262800741,0.73218853954185,valid,valid_complete_cycle,segmented_records/3-25_preprocessed/3-25_preprocessed_rep02.csv
3-25_preprocessed,3,3,15.4645,17.711,2.2465,16.621,1.15014569858431,0.708453898646534,valid,valid_complete_cycle,segmented_records/3-25_preprocessed/3-25_preprocessed_rep03.csv
3-25_preprocessed,3,4,20.7715,23.113,2.3415,21.361,1.5277218416032,0.722756031546176,valid,valid_complete_cycle,segmented_records/3-25_preprocessed/3-25_preprocessed_rep04.csv
3-25_preprocessed,3,5,25.697,28.114,2.417,26.3805,1.32744918959124,0.722496218253633,valid,valid_complete_cycle,segmented_records/3-25_preprocessed/3-25_preprocessed_rep05.csv
3-2_preprocessed,3,1,2.2385,5.965,3.7265,3.5135,1.08845616476981,0.501916773801976,valid,valid_complete_cycle,segmented_records/3-2_preprocessed/3-2_preprocessed_rep01.csv
3-2_preprocessed,3,2,7.6,10.9295,3.3295,8.513,1.07506048875363,0.613812267592861,valid,valid_complete_cycle,segmented_records/3-2_preprocessed/3-2_preprocessed_rep02.csv
3-2_preprocessed,3,3,12.693,15.6805,2.9875,13.5345,1.24438895357678,0.585360185140722,valid,valid_complete_cycle,segmented_records/3-2_preprocessed/3-2_preprocessed_rep03.csv
3-2_preprocessed,3,4,17.4125,20.5275,3.115,18.468,1.38099117141331,0.675946958903127,valid,valid_complete_cycle,segmented_records/3-2_preprocessed/3-2_preprocessed_rep04.csv
3-2_preprocessed,3,5,22.6115,25.606,2.9945,23.412,1.26530780619374,0.681073282017379,valid,valid_complete_cycle,segmented_records/3-2_preprocessed/3-2_preprocessed_rep05.csv
3-3_preprocessed,3,1,2.3285,4.967,2.6385,3.2365,0.96600444318253,0.616524103755935,valid,valid_complete_cycle,segmented_records/3-3_preprocessed/3-3_preprocessed_rep01.csv
3-3_preprocessed,3,2,7.4985,10.2215,2.723,8.501,1.27482568048793,0.70057216902027,valid,valid_complete_cycle,segmented_records/3-3_preprocessed/3-3_preprocessed_rep02.csv
3-3_preprocessed,3,3,12.3065,14.8515,2.545,13.2515,1.12208739086396,0.65836131337271,valid,valid_complete_cycle,segmented_records/3-3_preprocessed/3-3_preprocessed_rep03.csv
3-3_preprocessed,3,4,16.873,19.634,2.761,17.8295,1.55350423902802,0.761609379114779,valid,valid_complete_cycle,segmented_records/3-3_preprocessed/3-3_preprocessed_rep04.csv
3-3_preprocessed,3,5,21.9645,24.55,2.5855,22.7225,1.59937036613753,0.753423927372117,valid,valid_complete_cycle,segmented_records/3-3_preprocessed/3-3_preprocessed_rep05.csv
3-4_preprocessed,3,1,8.466,11.765,3.299,9.9045,1.08417440911657,0.573098516583602,valid,valid_complete_cycle,segmented_records/3-4_preprocessed/3-4_preprocessed_rep01.csv
3-4_preprocessed,3,2,13.48,16.256,2.776,14.8385,1.44969740864917,0.692210511270543,valid,valid_complete_cycle,segmented_records/3-4_preprocessed/3-4_preprocessed_rep02.csv
3-4_preprocessed,3,3,18.4045,21.017,2.6125,19.7535,1.23365312359622,0.69086834122412,valid,valid_complete_cycle,segmented_records/3-4_preprocessed/3-4_preprocessed_rep03.csv
3-4_preprocessed,3,4,23.3665,26.066,2.6995,23.9105,1.0974713185178,0.654544115452753,valid,valid_complete_cycle,segmented_records/3-4_preprocessed/3-4_preprocessed_rep04.csv
3-4_preprocessed,3,5,28.475,31.051,2.576,29.122,1.39124380159605,0.675904981111535,valid,valid_complete_cycle,segmented_records/3-4_preprocessed/3-4_preprocessed_rep05.csv
3-5_preprocessed,3,1,4.5425,7.699,3.1565,5.329,1.18305503940601,0.580999408185857,valid,valid_complete_cycle,segmented_records/3-5_preprocessed/3-5_preprocessed_rep01.csv
3-5_preprocessed,3,2,9.9285,12.3695,2.441,10.6135,1.18994081311846,0.590236540107429,valid,valid_complete_cycle,segmented_records/3-5_preprocessed/3-5_preprocessed_rep02.csv
3-5_preprocessed,3,3,14.571,17.407,2.836,15.463,1.28089161732493,0.623288741612153,valid,valid_complete_cycle,segmented_records/3-5_preprocessed/3-5_preprocessed_rep03.csv
3-5_preprocessed,3,4,19.3545,21.834,2.4795,20.1275,1.46262166639476,0.701762080436141,valid,valid_complete_cycle,segmented_records/3-5_preprocessed/3-5_preprocessed_rep04.csv
3-5_preprocessed,3,5,24.3705,26.8605,2.49,25.3205,1.33989759009465,0.750036743417133,valid,valid_complete_cycle,segmented_records/3-5_preprocessed/3-5_preprocessed_rep05.csv
3-6_preprocessed,3,1,4.518,7.152,2.634,5.4245,1.20326402225771,0.594707858442566,valid,valid_complete_cycle,segmented_records/3-6_preprocessed/3-6_preprocessed_rep01.csv
3-6_preprocessed,3,2,9.8485,12.4785,2.63,10.74,1.21860713415404,0.632358265223305,valid,valid_complete_cycle,segmented_records/3-6_preprocessed/3-6_preprocessed_rep02.csv
3-6_preprocessed,3,3,14.801,17.6895,2.8885,15.7015,1.21789245058443,0.6007301299515,valid,valid_complete_cycle,segmented_records/3-6_preprocessed/3-6_preprocessed_rep03.csv
3-6_preprocessed,3,4,19.6785,22.5195,2.841,20.4475,1.44386293383444,0.730058550109079,valid,valid_complete_cycle,segmented_records/3-6_preprocessed/3-6_preprocessed_rep04.csv
3-6_preprocessed,3,5,24.7785,27.812,3.0335,25.723,1.24091614203556,0.650064954127372,valid,valid_complete_cycle,segmented_records/3-6_preprocessed/3-6_preprocessed_rep05.csv
3-7_preprocessed,3,1,4.7805,7.907,3.1265,6.2135,1.40766607487824,0.605148470040285,valid,valid_complete_cycle,segmented_records/3-7_preprocessed/3-7_preprocessed_rep01.csv
3-7_preprocessed,3,2,9.826,12.9765,3.1505,11.2295,1.1195793741695,0.536522186690637,valid,valid_complete_cycle,segmented_records/3-7_preprocessed/3-7_preprocessed_rep02.csv
3-7_preprocessed,3,3,14.736,18.162,3.426,16.0635,1.39589891317994,0.646270290487638,valid,valid_complete_cycle,segmented_records/3-7_preprocessed/3-7_preprocessed_rep03.csv
3-7_preprocessed,3,4,19.708,23.036,3.328,21.102,1.36790392370972,0.604455452652635,valid,valid_complete_cycle,segmented_records/3-7_preprocessed/3-7_preprocessed_rep04.csv
3-7_preprocessed,3,5,24.6585,28.012,3.3535,26.2295,1.40104972804197,0.667921558707765,valid,valid_complete_cycle,segmented_records/3-7_preprocessed/3-7_preprocessed_rep05.csv
3-8_preprocessed,3,1,5.2385,8.717,3.4785,6.7185,0.988715048955453,0.622132312234087,valid,valid_complete_cycle,segmented_records/3-8_preprocessed/3-8_preprocessed_rep01.csv
3-8_preprocessed,3,3,15.0455,17.9675,2.922,16.3035,0.971424963282794,0.632064228251586,valid,valid_complete_cycle,segmented_records/3-8_preprocessed/3-8_preprocessed_rep03.csv
3-8_preprocessed,3,4,20.3905,23.4845,3.094,21.873,1.195087815259,0.638186808683557,valid,valid_complete_cycle,segmented_records/3-8_preprocessed/3-8_preprocessed_rep04.csv
3-8_preprocessed,3,5,25.0905,29.2835,4.193,26.528,1.60869884642875,0.585669551208403,valid,valid_complete_cycle,segmented_records/3-8_preprocessed/3-8_preprocessed_rep05.csv
3-8_preprocessed,3,6,30.1595,34.05,3.8905,31.217,1.23673446454918,0.795158638489375,valid,valid_complete_cycle,segmented_records/3-8_preprocessed/3-8_preprocessed_rep06.csv
3-9_preprocessed,3,1,4.8255,8.2655,3.44,6.07,1.13609338459525,0.65729434818618,valid,valid_complete_cycle,segmented_records/3-9_preprocessed/3-9_preprocessed_rep01.csv
3-9_preprocessed,3,2,9.7105,13.08,3.3695,11.006,1.16871801190886,0.632504600424091,valid,valid_complete_cycle,segmented_records/3-9_preprocessed/3-9_preprocessed_rep02.csv
3-9_preprocessed,3,3,14.7065,17.758,3.0515,16.0355,1.25951259985063,0.688456309233801,valid,valid_complete_cycle,segmented_records/3-9_preprocessed/3-9_preprocessed_rep03.csv
3-9_preprocessed,3,4,19.853,22.818,2.965,21.196,1.19180919891411,0.657882308457387,valid,valid_complete_cycle,segmented_records/3-9_preprocessed/3-9_preprocessed_rep04.csv
3-9_preprocessed,3,5,25.14,28.029,2.889,26.206,1.27642976386307,0.716198872099239,valid,valid_complete_cycle,segmented_records/3-9_preprocessed/3-9_preprocessed_rep05.csv
