record,label,duration_s,expected_count,valid_count,rejected_count,count_error,threshold,schedule_offset_s,fs
1-10_preprocessed,1,30.077,5,6,0,1,0.281549702081147,0.9,2000
1-11_preprocessed,1,30.0965,5,5,0,0,0.518724810159002,1.2,2000
1-12_preprocessed,1,34.484,5,5,1,0,0.286488477593006,4.7,2000
1-13_preprocessed,1,30.706,5,4,2,-1,0.249956745047915,0.8,2000
1-14_preprocessed,1,35.3105,5,6,1,1,0.257629792012375,0.6,2000
1-15_preprocessed,1,30.3205,5,5,0,0,0.298072456622379,0.2,2000
1-16_preprocessed,1,30.6855,5,5,0,0,0.307888365869752,0.6,2000
1-17_preprocessed,1,30.665,5,5,1,0,0.34365862510437,1.7,2000
1-18_preprocessed,1,30.31,5,5,0,0,0.316700730359278,1.7,2000
1-19_preprocessed,1,28.301,5,5,0,0,0.256827519615256,0.3,2000
1-1_preprocessed,1,36.734,5,6,1,1,0.325728007812373,2,2000
1-20_preprocessed,1,37.915,5,6,0,1,0.306528727119938,3.9,2000
1-21_preprocessed,1,30.6885,5,5,0,0,0.626336057371827,0.2,2000
1-22_preprocessed,1,31.107,5,5,0,0,0.279912950419335,0.9,2000
1-23_preprocessed,1,30.7055,5,5,0,0,0.302984028281524,0.8,2000
1-24_preprocessed,1,32.307,5,5,0,0,0.397598133694302,2,2000
1-25_preprocessed,1,31.078,5,5,0,0,0.29032067155687,1,2000
1-2_preprocessed,1,30.4785,5,5,1,0,0.343588752235321,1.2,2000
1-3_preprocessed,1,29.7055,5,5,1,0,0.274605292182139,1.2,2000
1-4_preprocessed,1,30.5195,5,5,1,0,0.280554880882823,1.7,2000
1-5_preprocessed,1,31.9275,5,5,0,0,0.258699324637025,2.6,2000
1-6_preprocessed,1,30.857,5,5,1,0,0.278535876725962,0.8,2000
1-7_preprocessed,1,30.883,5,5,1,0,0.257652934716067,0.7,2000
1-8_preprocessed,1,31.466,5,5,1,0,0.263656345211678,0.4,2000
1-9_preprocessed,1,30.2935,5,5,1,0,0.244586411832753,0.8,2000
2-10_preprocessed,2,30.691,5,5,0,0,0.305540815168653,1.3,2000
2-11_preprocessed,2,31.4725,5,5,0,0,0.311007921549585,1.8,2000
2-12_preprocessed,2,33.099,5,5,0,0,0.352888387987653,3.5,2000
2-13_preprocessed,2,32.485,5,5,1,0,0.242594263967314,1.9,2000
2-14_preprocessed,2,30.481,5,5,1,0,0.272424936373523,0.6,2000
2-15_preprocessed,2,31.766,5,5,0,0,0.284405708686298,1.4,2000
2-16_preprocessed,2,31.878,5,5,0,0,0.281921475363742,2.2,2000
2-17_preprocessed,2,31.5045,5,5,0,0,0.286487389508617,2.3,2000
2-18_preprocessed,2,32.307,5,5,0,0,0.300068111296227,2.1,2000
2-19_preprocessed,2,31.6965,5,5,0,0,0.314137040687416,1.9,2000
2-1_preprocessed,2,25.4475,5,5,0,0,0.901876951669112,-2.5,2000
2-20_preprocessed,2,32.098,5,5,0,0,0.338753992161971,2,2000
2-21_preprocessed,2,33.1055,5,5,0,0,0.317920236156256,1.6,2000
2-22_preprocessed,2,32.2795,5,5,0,0,0.297413434454263,2.5,2000
2-23_preprocessed,2,31.877,5,6,0,1,0.319212308473711,1.8,2000
2-24_preprocessed,2,30.878,5,5,0,0,0.274269351901553,2.2,2000
2-25_preprocessed,2,31.0785,5,5,1,0,0.282354504989907,2.7,2000
2-2_preprocessed,2,36.3285,5,5,0,0,0.300430820644962,1.1,2000
2-3_preprocessed,2,25.6525,5,4,1,-1,0.261964076368938,0.9,2000
2-4_preprocessed,2,30.0945,5,5,0,0,0.282334225370761,1.6,2000
2-5_preprocessed,2,26.4635,5,5,0,0,0.700984494790091,-1.9,2000
2-6_preprocessed,2,31.4865,5,5,1,0,0.318355670692536,1.3,2000
2-7_preprocessed,2,29.29,5,5,0,0,0.298533412299937,0.6,2000
2-8_preprocessed,2,30.298,5,5,1,0,0.282037361270459,0.7,2000
2-9_preprocessed,2,31.268,5,5,1,0,0.549239456397791,1,2000
3-10_preprocessed,3,30.0855,5,5,0,0,0.295812435926425,1.1,2000
3-11_preprocessed,3,30.701,5,5,1,0,0.277685498576332,0.8,2000
3-12_preprocessed,3,30.491,5,5,0,0,0.402459907187293,0.7,2000
3-13_preprocessed,3,32.2965,5,5,0,0,0.262941015858464,0.7,2000
3-14_preprocessed,3,30.899,5,5,0,0,0.32810743311326,1.2,2000
3-15_preprocessed,3,32.3095,5,5,0,0,0.299590217855232,2.3,2000
3-16_preprocessed,3,21.2545,5,2,0,-3,0.901359377399192,0.3,2000
3-17_preprocessed,3,30.667,5,5,0,0,0.255793601338554,1.2,2000
3-18_preprocessed,3,31.4965,5,5,0,0,0.3109679541621,1.3,2000
3-19_preprocessed,3,33.3285,5,5,0,0,0.32468513393085,2.3,2000
3-1_preprocessed,3,34.454,5,6,0,1,0.270462680007216,0.4,2000
3-20_preprocessed,3,31.692,5,5,0,0,0.304416048106027,1.8,2000
3-21_preprocessed,3,32.3035,5,5,0,0,0.299593256678647,2.4,2000
3-22_preprocessed,3,32.306,5,5,0,0,0.323966790997413,1.1,2000
3-23_preprocessed,3,34.7,5,5,0,0,0.32335294984253,3.7,2000
3-24_preprocessed,3,32.3055,5,5,0,0,0.313515439623252,2,2000
3-25_preprocessed,3,31.2885,5,5,0,0,0.324092386747027,1.2,2000
3-2_preprocessed,3,27.0805,5,5,0,0,0.300598705851994,-1.5,2000
3-3_preprocessed,3,26.884,5,5,0,0,0.480566815629685,-1.9,2000
3-4_preprocessed,3,34.2815,5,5,0,0,0.277039735306567,4.5,2000
3-5_preprocessed,3,29.2655,5,5,0,0,0.281943768060583,0.4,2000
3-6_preprocessed,3,29.0685,5,5,0,0,0.279530087981837,0.6,2000
3-7_preprocessed,3,29.651,5,5,0,0,0.276142806071246,1.2,2000
3-8_preprocessed,3,35.107,5,5,0,0,0.294309412038101,1.6,2000
3-9_preprocessed,3,32.069,5,5,0,0,0.309708155177682,1.1,2000
