time_s,EMG_ch1_uV,EMG_ch2_uV
10.232,-107.471591044995,9.63029261360628
10.2325,-119.663649647783,6.81927742061905
10.233,-137.211076422952,3.8441563395008
10.2335,-142.53856607523,1.92526274781658
10.234,-128.076516614383,0.233224375068592
10.2345,-105.185494890909,-1.05221282286975
10.235,-89.088276985508,-0.90713701977097
10.2355,-81.1069837505981,-1.21872385870986
10.236,-71.9546647306046,-6.07284242840024
10.2365,-58.2717774165906,-15.4060718460555
10.237,-47.4651696131338,-23.1261745896392
10.2375,-45.9259675329197,-24.1841867579574
10.238,-49.5599949339122,-20.3410420435595
10.2385,-49.6261615445567,-15.9615881316881
10.239,-44.1588388380597,-11.3253192204565
10.2395,-38.9677220101329,-4.36430055370659
10.24,-38.0371375687194,3.19557698236029
10.2405,-37.3217165985159,6.67865242343385
10.241,-30.0971810984028,5.15812024681105
10.2415,-15.5690748485793,2.64508682313332
10.242,1.40318463853924,1.91128960210231
10.2425,17.7072944363584,1.35684318214827
10.243,34.4270995674003,-0.502819613477078
10.2435,51.6089105888338,-1.39797189861397
10.244,65.5677395399314,1.11228967775299
10.2445,73.177375315954,5.12762450639291
10.245,74.1915795248566,6.64669041128937
10.2455,67.2457449958587,4.89828961793963
10.246,49.3254272395192,2.53157060705598
10.2465,23.2075907255262,1.22717321899235
10.247,-0.0588996280493159,0.00737594272004427
10.2475,-11.7495319564728,-1.89565900999226
10.248,-14.6577337193257,-2.99948704870687
10.2485,-16.7528979723316,-1.50706749467854
10.249,-20.1655544607878,2.14930899656912
10.2495,-21.994266465434,5.82295770041343
10.25,-21.0704713214583,8.00408038188067
10.2505,-17.3666964919711,8.85248241772446
10.251,-9.56164325379942,9.36738892598724
10.2515,-0.0382841137269461,10.2783197524161
10.252,3.38513109423842,11.6555528080016
10.2525,-1.54217370864522,13.219952115489
10.253,-5.2974376399015,15.0716355405613
10.2535,0.140462140210221,18.0669219166781
10.254,10.7343376110118,22.8475927134828
10.2545,24.4777841846597,28.1253519279858
10.255,54.3961937644021,30.7475945498602
10.2555,108.900816611298,28.7103446825184
10.256,168.08950709799,24.1820542652086
10.2565,203.135848607589,22.4377635429339
10.257,214.525624582779,27.1315932721305
10.2575,225.031359943638,36.9719572731011
10.258,237.846661424869,47.0097100671379
10.2585,234.681171858521,52.0882493419888
10.259,219.593215866357,48.8403243665414
10.2595,226.108505191867,36.6081247521294
10.26,262.563540765551,18.8858832593688
10.2605,284.384626587562,3.09774439605109
10.261,248.267943534713,-4.03209723209214
10.2615,168.208008350709,-2.01773217733454
10.262,87.7755598401579,3.56571097783229
10.2625,19.5102470499051,6.53870991129589
10.263,-51.8169936138461,3.49381389479941
10.2635,-121.865198851345,-7.3922057688071
10.264,-165.338674727888,-26.3226371993455
10.2645,-179.349029212317,-48.3639319073089
10.265,-190.310913539283,-63.6222048080859
10.2655,-213.511117847523,-65.1626541136357
10.266,-238.037357735271,-55.7895610258498
10.2665,-256.830476504912,-44.2486090887091
10.267,-279.21738162514,-36.2596608696639
10.2675,-303.823796152059,-32.2748273396036
10.268,-309.417329868132,-31.7432328628478
10.2685,-287.088827675874,-34.3608016276596
10.269,-255.849595807029,-37.4434581304794
10.2695,-231.210231052645,-37.3669508922873
10.27,-202.614391094842,-34.7127393409153
10.2705,-159.245858034042,-33.4419230819337
10.271,-114.474324759994,-33.7583055392518
10.2715,-82.4476678955665,-30.8765333563694
10.272,-50.0617046141805,-23.2994231006594
10.2725,1.62202145725304,-17.2748831327482
10.273,60.9125216658545,-18.9213743903545
10.2735,96.6034874004021,-25.5178538200041
10.274,98.3937048865248,-29.0087834114152
10.2745,82.5751605404162,-25.4822106041092
10.275,62.644662382066,-16.7842499334036
10.2755,38.9355321061969,-5.11962918604395
10.276,17.2135625474814,8.68278974452139
10.2765,13.2407716310707,22.2388390005032
10.277,31.3889180158856,31.4574013953614
10.2775,55.6811694127628,33.6032449589341
10.278,70.4807832833746,28.1319054192235
10.2785,78.4710266555126,16.3699514621363
10.279,91.0999225620598,3.88767576844067
10.2795,110.281931749707,0.395043284020877
10.28,126.780488781441,11.1820508629944
10.2805,132.05470850874,29.3018650428437
10.281,127.108926301405,42.0469167768221
10.2815,120.978892675481,45.032599054011
10.282,119.913607034438,43.9559686810573
10.2825,116.347030423868,42.8575903020904
10.283,93.9499100216752,38.8367556980591
10.2835,49.1337649715234,30.6003071249241
10.284,0.559440486714199,23.7721495045959
10.2845,-32.0803262619958,22.4190436418034
10.285,-51.6157922023132,21.7443378264356
10.2855,-72.4231837021584,15.5585391093489
10.286,-92.0634804116731,6.22403890157597
10.2865,-92.7963072624289,0.440769674198925
10.287,-71.2201916916409,-1.19442395232653
10.2875,-46.3820491824928,-3.23376835724586
10.288,-33.0555055336154,-6.46344566389886
10.2885,-25.874648517978,-7.42476026655979
10.289,-19.1993037576734,-5.74198048880579
10.2895,-23.8012348574471,-4.6067625058387
10.29,-47.3932147855424,-4.02710214042327
10.2905,-71.8556663788166,-0.816938317965443
10.291,-69.9388211451549,3.78438101410557
10.2915,-39.1025608641536,3.78149805627012
10.292,-0.764022709291796,-1.88632265528937
10.2925,31.2920503627934,-5.94407865898169
10.293,63.2053762140334,-2.71482615429519
10.2935,100.510001947623,4.01424263215546
10.294,134.057380550163,7.27063943811758
10.2945,154.247768570549,6.43122079183969
10.295,165.01118607977,5.67000162938529
10.2955,172.663537532367,6.5050882045091
10.296,170.70219207159,7.28680220991347
10.2965,148.380623151828,7.95967279348928
10.297,109.288257160307,10.0430515654763
10.2975,68.573452283382,12.6258662321377
10.298,32.2356905017925,12.7851904504213
10.2985,-9.36296069881942,9.81155082210404
10.299,-63.6494197114119,5.55150837142902
10.2995,-119.238303086198,1.06580215236184
10.3,-152.801398424529,-3.55634706601956
10.3005,-149.868237882013,-6.66403559680592
10.301,-116.064309143013,-6.46914857920277
10.3015,-70.3807005338139,-5.31759110147431
10.302,-30.1515237032377,-8.42322714872271
10.3025,-1.21668644693181,-16.9010928350103
10.303,19.7000932489968,-25.3055397785693
10.3035,34.2646067503996,-27.9118614681786
10.304,36.7730609671502,-24.9364493881372
10.3045,22.0730751549576,-20.6898063506105
10.305,-3.10503490825648,-17.8099524956063
10.3055,-23.6663797731181,-15.7629310248761
10.306,-32.9885426116222,-13.8439107870628
10.3065,-40.1856253015285,-13.1487586784095
10.307,-56.6536237742384,-15.251851516607
10.3075,-80.6533734993053,-19.9388951882251
10.308,-100.898365172941,-24.485172666571
10.3085,-111.238586409801,-25.2441694325426
10.309,-114.206288251776,-20.7373717175872
10.3095,-111.866774678894,-13.4837418352567
10.31,-101.980718147732,-8.01946087924514
10.3105,-85.5427944958816,-6.79443093545518
10.311,-71.5969264746556,-8.53532028653988
10.3115,-69.9709940313803,-10.2561134772447
10.312,-81.3119277345248,-9.5460742325925
10.3125,-96.4057443833522,-5.10102819195473
10.313,-103.786857054541,2.90491867170638
10.3135,-97.4301161550513,12.0847323043146
10.314,-79.2432367130796,18.9301046139708
10.3145,-55.1150875696307,21.6501182365886
10.315,-28.0711578201409,21.1513783409064
10.3155,2.97712081537426,19.1029131467389
10.316,36.2860367777064,16.6014251470526
10.3165,63.6974412871908,15.0355679202132
10.317,80.1435373322354,16.0846348975852
10.3175,94.0333010975293,19.7109016082389
10.318,119.197907255956,23.866654442834
10.3185,155.009564086423,27.1400979050492
10.319,182.250426815048,29.6353338855029
10.3195,181.998575398022,30.1871081204005
10.32,152.674426108711,25.6742555778621
10.3205,106.01662236193,15.6062670363544
10.321,54.0759957745209,4.93794147224539
10.3215,5.77084783518576,-1.01644422987078
10.322,-30.4371710162186,-2.85922834361245
10.3225,-49.3798864067202,-4.93048204170327
10.323,-53.2353497520885,-8.45851780819116
10.3235,-46.6304047699512,-11.1133482616188
10.324,-28.6874122599083,-12.4228088354756
10.3245,4.44315779670537,-14.5190355533607
10.325,48.9785354806082,-17.1588957516994
10.3255,90.7163712884618,-17.4261616391218
10.326,115.831610669166,-16.1030028915688
10.3265,123.030416135898,-18.8551354288028
10.327,122.718140061338,-27.5721475628038
10.3275,123.36274772157,-35.2243792769845
10.328,120.318092568123,-34.4671400833607
10.3285,101.591861169209,-28.2497190120311
10.329,64.9784967845441,-25.7216556640391
10.3295,23.7717888932042,-28.6503354120963
10.33,-7.74613326655369,-28.3480009167777
10.3305,-27.0626559550247,-17.5386360952407
10.331,-34.7071963196338,-0.00179877702717126
10.3315,-22.3750500108803,14.6746877027266
10.332,14.4641996639895,22.3322865708437
10.3325,56.1688602393933,26.2423577592611
10.333,71.2365172792666,29.6716558195343
10.3335,52.5052827690755,31.1203416359911
10.334,22.3947319933312,28.2166314689552
10.3345,-3.56655282270974,23.2253279565537
10.335,-36.0720803043909,21.3173805300308
10.3355,-81.4414596150339,23.3203383849794
10.336,-114.218660681593,23.2408145126769
10.3365,-105.927343215305,15.6409389489602
10.337,-70.3234126959559,4.29980130675374
10.3375,-53.4763191867963,-0.311733172891498
10.338,-80.3557155892357,6.63329370145944
10.3385,-132.155956596428,17.959603929876
10.339,-175.605638843253,23.1131192148877
10.3395,-193.973245628954,20.203126395464
10.34,-187.660619001361,15.3690502473546
10.3405,-164.915949819374,12.3448791571042
10.341,-137.927848471494,8.82304552590548
10.3415,-112.302695984078,3.77214765971446
10.342,-76.4291202681418,1.79499806337899
10.3425,-16.6268652852186,6.12134183756575
10.343,55.4539023701236,11.454413148086
10.3435,109.756852635828,9.25982159946462
10.344,135.791477175017,-1.2691058950026
10.3445,151.251183198173,-12.4975094623039
10.345,164.892718546645,-18.5141981346834
10.3455,156.753578028536,-21.126385710276
10.346,112.939845923518,-24.0020771121337
10.3465,57.5408610922124,-25.183363654604
10.347,23.6237860424428,-19.6827984337515
10.3475,5.66522932364528,-8.14060101811
10.348,-30.3522400756435,1.51373702338982
10.3485,-93.2448909274215,2.37742473029702
10.349,-150.043473406824,-4.05421098000641
10.3495,-167.484588372143,-10.6990527006233
10.35,-149.16409217229,-13.2176945398824
10.3505,-123.223666691249,-12.908774654039
10.351,-107.862793608494,-12.2698514066056
10.3515,-98.158156951131,-11.2869790529666
10.352,-78.162411208939,-9.18976302394243
10.3525,-39.1103003916015,-6.92654216457
10.353,9.45348557749264,-5.72362734283388
10.3535,44.5329356773403,-5.11084894771352
10.354,51.5394906077535,-4.56874636943687
10.3545,41.1998824982303,-5.25900239808748
10.355,36.9153105787499,-7.29051412899713
10.3555,46.347253746795,-6.9068782562069
10.356,56.2695891120424,-0.323914909291091
10.3565,55.7234607103994,9.92926285237744
10.357,50.1855682382042,16.4485900363295
10.3575,47.6844711501137,15.5037427197722
10.358,44.6806381060175,10.7434167819643
10.3585,36.446213116405,7.27806657230849
10.359,32.5159609020017,5.56007493457871
10.3595,49.071928142553,3.22589744742832
10.36,88.4140276551494,0.127287015027516
10.3605,134.806846929559,-1.44744392064862
10.361,169.200115639834,-0.262751957319009
10.3615,181.741299517484,2.48165600799721
10.362,173.036430680758,4.63112136258602
10.3625,151.635392376431,4.49020175760173
10.363,129.785621879456,1.49543461112797
10.3635,114.101770849607,-3.34748989369841
10.364,99.1239476768563,-8.16790009850836
10.3645,74.9125282545004,-11.7587045663736
10.365,40.2562072125969,-13.6861563199532
10.3655,2.32781833440697,-13.4020717256836
10.366,-35.4715026516273,-11.1601726189246
10.3665,-75.8991972291059,-9.45072771970331
10.367,-115.634623897391,-10.801845318976
10.3675,-140.804278647512,-14.0005555852312
10.368,-142.85331708248,-15.4038617645228
10.3685,-133.017802525466,-14.0928815412242
10.369,-131.062770372138,-12.1851380762247
10.3695,-141.115200969186,-9.96603224979899
10.37,-147.767977303248,-5.50254865615579
10.3705,-137.06078305734,0.0446191079737082
10.371,-112.839765417168,2.59760931042635
10.3715,-89.1318789783836,2.87485326802543
10.372,-73.5248799994399,7.44123286615203
10.3725,-62.9261400705573,18.1691899011845
10.373,-50.2733247630269,27.3574576314838
10.3735,-30.2478211677429,29.0872411430097
10.374,-3.1185921546522,28.7375782246669
10.3745,21.4247750179926,32.9540633658482
10.375,28.9852477281253,35.8841359553112
10.3755,16.2552183538679,26.6019156135733
10.376,-1.12283927855435,7.63073401503185
10.3765,-3.8719840282803,-6.24100201437821
10.377,10.7594656889705,-8.35834362112032
10.3775,32.2850305875134,-7.49088628251148
10.378,56.4475079278954,-11.4066774778509
10.3785,88.5837904295132,-14.613269170003
10.379,126.912415629683,-9.21595803841084
10.3795,156.370692335028,0.949388275983703
10.38,165.764943428867,5.81794484852376
10.3805,161.522792267149,3.32927333686165
10.381,156.969219884159,-0.277927138326539
10.3815,154.877242884422,-1.21127931603027
10.382,147.662092448006,-1.29690275616711
10.3825,129.00502810718,-1.7753229557228
10.383,98.1960523026113,-0.872853635446055
10.3835,57.7414386545997,2.15294471680519
10.384,13.7255650808014,5.59965621707688
10.3845,-24.8298542737623,8.39322398265262
10.385,-52.8399339337416,10.8723096412465
10.3855,-72.5394987852306,12.6001460723313
10.386,-86.4866361867777,12.6713881464001
10.3865,-92.9489993357613,11.8682428208152
10.387,-93.0901996116818,11.514224713453
10.3875,-95.4016407848787,10.7106131729555
10.388,-105.367899040499,7.52613728899579
10.3885,-117.306471339665,2.13820488263591
10.389,-125.460476272212,-4.03466834672874
10.3895,-136.598680676092,-11.1550715166933
10.39,-159.703181331938,-19.4932939010968
10.3905,-187.516199245316,-26.0413168082665
10.391,-202.038826876151,-26.6304621363269
10.3915,-197.402741208837,-21.6589378785884
10.392,-184.038095821676,-16.2397572478932
10.3925,-169.256518636218,-13.941914150065
10.393,-147.448301199129,-13.1859099708926
10.3935,-113.827080048434,-10.6080268087129
10.394,-75.5148754484446,-5.64998867453629
10.3945,-41.5548633775797,-0.956992130922775
10.395,-10.8835096258587,0.215300470933179
10.3955,21.5468417843781,-3.23741463956572
10.396,52.720287029751,-8.65348522225498
10.3965,73.8890688716152,-10.9615329036062
10.397,82.1919995109591,-7.10804588329948
10.3975,83.714058570814,1.27289286215043
10.398,86.2385757208557,10.5005762089436
10.3985,93.0798988224127,18.2558888406806
10.399,102.818813376959,22.4877699043072
10.3995,111.658133998443,19.8786239880748
10.4,116.210931488655,9.73848801875771
10.4005,115.588484695337,-2.03514579637681
10.401,110.902285667428,-7.86990301864676
10.4015,103.738491957,-7.26896595226405
10.402,96.7129120272992,-6.08764576693691
10.4025,93.25058048041,-7.28221631258806
10.403,92.7903744800645,-8.0332606018736
10.4035,87.831604203545,-7.0421828269832
10.404,71.0911091873878,-8.12258849688475
10.4045,45.26395076264,-13.0206228695197
10.405,20.7213763900619,-16.1494499200968
10.4055,4.40371416755855,-11.6866545307265
10.406,-2.94523464485301,-2.45331080271413
10.4065,0.622018676022881,3.60361832602867
10.407,20.0084391517133,3.52387404877689
10.4075,54.8779886764698,0.71033051090818
10.408,95.9226176239039,-2.0394368414882
10.4085,131.8837996625,-4.81308274168102
10.409,155.737461179319,-6.05290999136895
10.4095,163.885058064346,-2.05106892536448
10.41,156.373151995548,6.90083680168709
10.4105,139.007657941712,14.8106204255696
10.411,117.043845526237,17.7746977539411
10.4115,84.6959751230991,20.1447743515923
10.412,30.5921901327599,29.1097908345895
10.4125,-41.6797556219272,44.7206567875913
10.413,-108.353621842203,58.5972200356202
10.4135,-149.102645366943,61.9902991540949
10.414,-168.963523819907,52.8071975836041
10.4145,-187.35692445163,35.5322008250704
10.415,-209.829523653545,17.1289840567796
10.4155,-221.31228070746,3.21508881314852
10.416,-207.370792170436,-4.42147464020713
10.4165,-173.632356050369,-8.16006220830246
10.417,-140.686440747185,-11.867399097409
10.4175,-122.81645719975,-17.5052280633198
10.418,-113.815772412263,-24.6461604599778
10.4185,-93.9839675819532,-32.2565927997845
10.419,-51.9197699215385,-39.0648788503103
10.4195,2.16764126143795,-42.6070061944793
10.42,48.7062823791943,-40.6189698601448
10.4205,82.3981161534398,-34.2925940143435
10.421,115.342364777656,-27.9381949766044
10.4215,155.296453826826,-24.0100314560356
10.422,191.567141506883,-20.3173451119897
10.4225,209.079744663259,-13.8339215804342
10.423,207.279384943281,-5.52091535351916
10.4235,195.152580955006,0.781527766136991
10.424,174.229675594486,2.80184799556887
10.4245,139.251675833873,0.766641622815605
10.425,93.4156140914024,-4.48970580515105
10.4255,49.8319636302145,-10.8182054474571
10.426,14.8369355095393,-13.2173317704802
10.4265,-20.9239712397582,-8.01293287609842
10.427,-70.6615020572205,0.319638652984852
10.4275,-136.911092977465,1.46833707884017
10.428,-212.035154447994,-8.38035200208829
10.4285,-287.148751412856,-20.1686334500935
10.429,-355.281243776379,-22.0976997898048
10.4295,-408.565523765432,-13.5921488998317
10.43,-437.453951770233,-4.21027469344254
10.4305,-433.726604928356,-0.146625281540228
10.431,-393.523362663323,1.89806987242329
10.4315,-318.73041970375,6.47155298475668
10.432,-217.573058601662,11.496249097504
10.4325,-104.326820469146,12.7434378843613
10.433,3.42321012627866,11.7657021659414
10.4335,90.7774766103565,13.5306848352569
10.434,151.542364663117,17.7998154089577
10.4345,187.711691632451,18.9568883123265
10.435,201.638355107213,15.2864650469324
10.4355,191.571447927561,13.0097780819495
10.436,159.045847338987,18.0031384553448
10.4365,117.862395897589,27.1401400028455
10.437,88.1730703526754,31.9670581975375
10.4375,80.7917229589501,29.0863833920289
10.438,93.1235994796104,22.4985858905884
10.4385,119.556006765621,16.2119503932576
10.439,156.433971972057,9.44317885119925
10.4395,195.491142534039,0.78199026359371
10.44,224.381540124116,-6.98282313563871
10.4405,240.353557012954,-9.61981014970156
10.441,254.184464560791,-6.98598183734385
10.4415,273.046546547252,-2.47259895663087
10.442,287.755839890712,1.96361514334248
10.4425,285.365364195632,6.80120779761254
10.443,266.333125213154,11.2776573070175
10.4435,239.036196932884,12.4086589014831
10.444,204.157328887232,8.97254884847825
10.4445,156.414282858997,3.8387417394516
10.445,97.4446204290451,0.524173402127695
10.4455,35.324601111034,-0.928281043363159
10.446,-26.0450466037656,-3.02773277698165
10.4465,-86.5608529525271,-7.08409355130256
10.447,-141.690629190821,-11.9749761368363
10.4475,-185.340671828861,-15.7245668216656
10.448,-218.995866734896,-16.8556354148566
10.4485,-248.064272834531,-15.0080150083
10.449,-271.451978161725,-11.713307012234
10.4495,-284.457606497959,-9.76983015378328
10.45,-288.354750665943,-10.0572474156307
10.4505,-286.064337589644,-9.44883168825332
10.451,-272.916525022464,-3.97320662405834
10.4515,-245.460531521531,5.78867993408423
10.452,-215.206886934779,14.45781503486
10.4525,-196.102898978998,17.6618888366119
10.453,-179.216669794259,16.2299283906558
10.4535,-139.26325844127,13.4932792308564
10.454,-70.3470022930175,10.452941185173
10.4545,2.32449535798972,6.19801710392248
10.455,52.4420456099353,2.25441491519305
10.4555,78.3491698992109,2.92719122213075
10.456,92.4390259398513,9.66439469181031
10.4565,102.189323604919,17.3133539113746
10.457,112.683473408026,18.5738375525503
10.4575,133.3067633578,11.4838447802101
10.458,167.306919644326,0.355178728984578
10.4585,202.353581675445,-9.98544769286082
10.459,222.41119228809,-17.884318562769
10.4595,223.514199908972,-22.7206381267514
10.46,211.758194907745,-23.0832426319368
10.4605,194.667972166892,-19.5682135703775
10.461,181.045889854067,-16.6609750160285
10.4615,178.678134803726,-18.3260862080022
10.462,183.824918170487,-22.9092716502756
10.4625,182.404224505903,-25.6903913551892
10.463,168.157924101441,-25.7497204799546
10.4635,147.703723185183,-26.6124887295777
10.464,120.971512467951,-29.8990396392358
10.4645,73.6573659599487,-32.1694344183352
10.465,2.05575914850284,-29.5615106338469
10.4655,-71.1589919350031,-22.5828945527372
10.466,-124.421681226696,-14.4383309623138
10.4665,-167.714089616092,-7.11901295966284
10.467,-224.351772104675,-1.4488847444699
10.4675,-291.475799348803,1.01297512685942
10.468,-341.861679259639,-0.87476871473231
10.4685,-360.930141461176,-5.32138622481891
10.469,-359.605602351321,-8.55084969818959
10.4695,-351.504204534828,-8.38739453808298
10.47,-339.225831081453,-5.57686207614474
10.4705,-325.367370072695,-1.73363045701647
10.471,-316.170341223622,2.73908822579641
10.4715,-307.92504525615,8.49130050394518
10.472,-286.345550501333,15.5742000338602
10.4725,-246.346632652658,22.0541733548568
10.473,-199.636270909791,24.7434366429204
10.4735,-157.899969464745,22.6087476660548
10.474,-120.610276549905,19.4071169685255
10.4745,-83.1126827546351,20.6926670270572
10.475,-44.069660524143,27.0572381798452
10.4755,-0.664366946543564,32.4793414736744
10.476,51.7325774673045,31.3918310263005
10.4765,111.177533864995,25.6468933860609
10.477,171.106508477901,21.6870389641378
10.4775,232.194977908811,21.795983719589
10.478,299.599120969062,21.6823024940921
10.4785,367.048426152443,17.4441305744781
10.479,418.591266705919,11.8821039767666
10.4795,449.209525621174,11.568972912034
10.48,468.794962079587,18.7029787692609
10.4805,483.353369045355,28.0020270598089
10.481,490.191166205725,32.0443149092547
10.4815,495.365454018762,28.5045394814247
10.482,513.191302308874,21.2230874735976
10.4825,537.477508843745,14.6452702228391
10.483,534.276508122452,8.82058301079087
10.4835,479.341797714134,0.948837965895531
10.484,386.815066229459,-9.23286712393136
10.4845,285.628258964973,-17.8945385151579
10.485,184.513007017235,-21.4804643892367
10.4855,78.7494348800711,-20.8831052522162
10.486,-25.9966879507326,-20.0703106608953
10.4865,-122.335956595813,-21.5404388786944
10.487,-221.88818912465,-24.1849400949113
10.4875,-337.553440910324,-25.0130412648868
10.488,-448.418032869731,-22.3262705525826
10.4885,-512.475931973525,-17.8619734985644
10.489,-520.530297686957,-15.8991686020941
10.4895,-513.003737124843,-18.6906406626139
10.49,-531.99678461696,-22.4375646177516
10.4905,-573.967143024854,-20.3070053557375
10.491,-600.921981883791,-11.0238141296362
10.4915,-584.286392068653,-1.95743873209438
10.492,-525.52181970054,-0.946183110824702
10.4925,-444.399997731499,-6.99361804765611
10.493,-361.900581786441,-12.534704468587
10.4935,-291.450031141628,-13.3619132904881
10.494,-234.645741939871,-11.5034096649029
10.4945,-181.759320984425,-8.50806617787902
10.495,-119.961554297317,-2.04648832917793
10.4955,-43.6614506012306,7.93354934215549
10.496,41.2042211593874,14.9556400413579
10.4965,121.00091061554,13.5419974404983
10.497,184.231416421102,8.46900042657278
10.4975,230.801200827921,10.0439683174412
10.498,270.039737992676,19.9291607918719
10.4985,307.661714578675,27.7831311435709
10.499,339.679348488138,24.5372640474898
10.4995,362.98257203908,14.0120516945852
10.5,383.684309539766,7.10438678462891
10.5005,406.08102505584,7.93038428349624
10.501,421.141152243286,11.1285900887313
10.5015,419.208519366494,11.0653198848358
10.502,408.505208881908,7.40324722692503
10.5025,404.158657171223,1.16555452074641
10.503,400.81417930306,-8.34440364646315
10.5035,375.462069068555,-19.8637217484961
10.504,320.592353627097,-28.3529757946394
10.5045,255.038750446077,-30.855059041869
10.505,193.926888963931,-30.8629868630423
10.5055,126.48209687238,-32.9859058120298
10.506,37.4079347797614,-36.2325586026389
10.5065,-64.2051053627571,-36.9283588051356
10.507,-155.020858000485,-35.5510056998832
10.5075,-228.617399431607,-35.1131478346615
10.508,-299.142750090456,-34.236316672743
10.5085,-376.55493612295,-28.053774764508
10.509,-453.553505915789,-16.4321215440825
10.5095,-518.115396773875,-5.86148062990077
10.51,-566.242881264751,-1.7767352435849
10.5105,-598.012167032697,-3.15180174455583
10.511,-608.987786648923,-5.38603852437622
10.5115,-590.129254804789,-3.91494881940016
10.512,-533.407428386884,5.65830571956824
10.5125,-437.813577949453,24.8735637144679
10.513,-314.360486373495,46.9600231101512
10.5135,-184.854330643012,59.3516784916952
10.514,-70.6428003658742,55.9633474659813
10.5145,19.3335553815458,43.7494562431228
10.515,88.8930960066833,33.7758195934198
10.5155,146.290671880219,29.3312128043145
10.516,198.500852853566,26.5479300549412
10.5165,249.488217213466,22.9630356047094
10.517,298.038262951829,20.1020602004148
10.5175,338.494837156857,19.4208050795419
10.518,367.781381919763,20.5932245598483
10.5185,389.721829279138,23.1240025863253
10.519,408.727213833627,25.9141036736952
10.5195,422.56838318804,26.1902481091541
10.52,426.211628055749,22.495129285916
10.5205,419.416930065974,17.8594213540515
10.521,405.677481395766,16.4936241342174
10.5215,388.548545989499,18.1223848745185
10.522,375.256737858865,18.8712833071518
10.5225,376.067183495115,16.5327603067661
10.523,386.58359520326,11.0523447731001
10.5235,374.096687303009,0.966404988244641
10.524,299.665347429291,-15.4875526429187
10.5245,160.792927642486,-35.041046424503
10.525,0.816840948232696,-49.6913666125683
10.5255,-131.526397414081,-54.2706448502021
10.526,-223.084944968885,-51.0704049222004
10.5265,-291.059451996663,-45.8843206499214
10.527,-350.156940870616,-42.1286647686778
10.5275,-401.008226745218,-39.9532193271092
10.528,-446.241667392081,-38.4844104896006
10.5285,-497.992855584426,-37.1429895151258
10.529,-560.399621593752,-36.0633853909006
10.5295,-614.618703288969,-35.9989902136963
10.53,-632.936025078602,-36.4918196815934
10.5305,-606.910503365397,-34.1075250613077
10.531,-554.217665449196,-24.7893297084333
10.5315,-496.544197085896,-8.91199836338084
10.532,-436.848691248866,7.71177215288891
10.5325,-362.353262759021,18.8793106595008
10.533,-265.792380930963,23.0878926680495
10.5335,-156.643422013596,23.4637761772373
10.534,-50.668358280473,24.1528172933601
10.5345,45.2574611521072,27.1784944927772
10.535,133.899988913781,31.4326962542074
10.5355,217.948655565507,34.0822884299489
10.536,295.929392022749,33.6186696761241
10.5365,365.935992842455,31.417931875729
10.537,426.210091510208,29.6852700561847
10.5375,471.175502289168,28.9082686525818
10.538,494.08067873989,28.738825746607
10.5385,497.242501061809,29.9231508796627
10.539,493.88314233638,32.6945841685
10.5395,494.212325122758,34.1216050650736
10.54,493.735055732386,30.5525578250338
10.5405,482.430496583202,23.0893992187258
10.541,463.08577872197,17.3141603446787
10.5415,450.379110115138,16.265503784856
10.542,448.33162443591,16.3448565460099
10.5425,437.460031255946,11.8151309185408
10.543,393.127612613641,1.19143849680655
10.5435,313.026714124354,-12.5372750824747
10.544,216.506716520342,-25.9332389372245
10.5445,117.118119991806,-36.9526549636594
10.545,8.7667099984265,-44.1057384897157
10.5455,-113.945245040535,-46.6671973922726
10.546,-233.472491146853,-46.0105751518552
10.5465,-323.451551215812,-44.9760149047995
10.547,-382.821039851158,-45.4318282301424
10.5475,-439.612043131245,-47.5258793354006
10.548,-516.217699669784,-51.3581680633115
10.5485,-604.371585948918,-57.5645532923441
10.549,-681.617349103838,-64.9414851636959
10.5495,-738.447461783419,-68.7709940440811
10.55,-775.972843212408,-64.06823318722
10.5505,-788.048440958306,-51.0863658237048
10.551,-765.040888197606,-35.433941955489
10.5515,-711.638454933397,-21.2089509292818
10.552,-641.435201560848,-6.05498926475566
10.5525,-552.840737830183,14.131200750535
10.553,-430.319644626217,36.8157268706606
10.5535,-275.693752818075,53.0871582541731
10.554,-118.459415549983,56.7506228432818
10.5545,17.6390113636856,49.7428431983453
10.555,141.718600898111,37.9857197900077
10.5555,271.86835888822,26.2761724386478
10.556,397.016795625123,19.0956040455292
10.5565,486.77373399849,21.3103872330433
10.557,535.742109390856,33.3735213578316
10.5575,572.243049999957,48.7073402551544
10.558,615.954422513343,60.5140193972666
10.5585,649.014019263616,69.1937502548591
10.559,644.937928118529,78.5650963031424
10.5595,611.625951581383,87.075510356785
10.56,584.366274409241,88.815591015181
10.5605,580.202878183935,82.4231137292788
10.561,580.458635081691,72.3525928935096
10.5615,563.67573767214,60.4149483136901
10.562,536.963053732201,42.6589712657056
10.5625,518.91465472308,17.4952616991097
10.563,501.042402517799,-8.66883122675836
10.5635,447.6290212487,-28.2209340129057
10.564,338.185083382168,-41.0269993280212
10.5645,193.644952926009,-51.8260318825516
10.565,49.4623901246399,-61.5118615092122
10.5655,-85.562849992321,-65.9502869624647
10.566,-227.394981893829,-62.8537560782206
10.5665,-379.517064123179,-55.7380588506223
10.567,-518.132730906712,-50.4065167244245
10.5675,-619.187214310934,-50.0081117166343
10.568,-683.285849274127,-53.9128642578381
10.5685,-724.220483144536,-59.2974672113704
10.569,-746.537862023737,-63.1879721582607
10.5695,-748.026652703675,-64.3475315335326
10.57,-734.320813730773,-63.5518627199941
10.5705,-713.547774952364,-61.017656300315
10.571,-679.40383971648,-53.8755815600219
10.5715,-615.359622858717,-38.2547363968283
10.572,-517.25351239853,-15.0269277877237
10.5725,-400.115577805446,7.73611378306568
10.573,-281.719233808047,20.1466683054347
10.5735,-170.672724977362,19.4607463479868
10.574,-71.9305699733762,13.3225935510357
10.5745,8.30340217666917,12.9921234587665
10.575,67.7669652671852,22.7592423696749
10.5755,109.917561614844,36.4969188421859
10.576,138.840930152012,44.8519635479976
10.5765,161.489495107704,44.5888148880031
10.577,194.256243753263,39.8576895791032
10.5775,252.76379823448,35.9960102403021
10.578,331.388486797429,34.9748835325108
10.5785,407.880357783864,36.6392682189283
10.579,474.690265542534,40.6929230766446
10.5795,549.728781387043,45.4196026068061
10.58,645.370743143138,46.9358425208736
10.5805,742.036591754043,42.8250560450376
10.581,808.187223597187,35.8546888315865
10.5815,835.389979953771,31.4361180231324
10.582,836.091886273974,31.0988355145697
10.5825,814.519328416697,30.3352810236423
10.583,759.006081837178,23.354420859708
10.5835,660.303553368055,8.61247914781891
10.584,520.511114667693,-10.4305575047283
10.5845,345.676913709719,-28.2027664440119
10.585,146.46745616944,-40.2113483732124
10.5855,-54.1216253891277,-45.6608773205287
10.586,-231.237525846061,-48.5571831263791
10.5865,-379.922842889569,-54.5594991156935
10.587,-513.447074984198,-64.5876238949363
10.5875,-639.583196529752,-72.6955882496271
10.588,-753.346298613292,-72.8241357275979
10.5885,-852.656853624437,-66.8183969414823
10.589,-941.187303416683,-62.2394174415754
10.5895,-1010.54679395125,-61.7926391425063
10.59,-1038.9480283446,-58.7476623870373
10.5905,-1016.55440782702,-44.9586624627565
10.591,-955.82221164699,-20.6100238755184
10.5915,-868.134660800462,6.47815350554683
10.592,-748.167553024942,28.685330961347
10.5925,-593.74263084062,42.7132171327151
10.593,-424.462025520443,48.480536133429
10.5935,-265.065010120046,48.6058507806885
10.594,-123.1281772446,48.4107036238026
10.5945,3.16549328301691,52.1188966795479
10.595,110.815349727069,58.4336991366569
10.5955,203.365648032551,62.8002245058691
10.596,301.307862061627,63.6122814696133
10.5965,418.020318241279,62.4788887629741
10.597,535.21341708066,58.9159554492172
10.5975,625.271517481971,50.0389539378016
10.598,689.041085102409,36.6975666040337
10.5985,746.189753725917,24.7864060770892
10.599,796.715703382737,18.0796474270191
10.5995,824.272420902869,14.2600297413016
10.6,835.924633247017,10.8725152278455
10.6005,862.068485061814,10.588945394746
10.601,907.271510926912,16.2652727789504
10.6015,934.237874084937,24.132741182404
10.602,913.312747855137,26.6256265408169
10.6025,858.837497950567,19.9525911202219
10.603,793.315154459742,4.93567421408039
10.6035,699.923062998072,-17.1068404037363
10.604,542.332929230771,-44.0766150879433
10.6045,320.716129807086,-69.8890535291785
10.605,78.2134466884387,-87.129033494362
10.6055,-146.707306881197,-93.9873141025095
10.606,-350.395824001772,-95.1886834712979
10.6065,-544.975270985096,-95.5423844084587
10.607,-731.05802405103,-95.4563552000336
10.6075,-898.177507045969,-92.9535903603879
10.608,-1039.01471871335,-87.0478479352351
10.6085,-1152.97566554832,-78.3799650754347
10.609,-1239.80970750164,-68.5929375109807
10.6095,-1294.85507282135,-59.2588012881617
10.61,-1310.21137375868,-49.689652527448
10.6105,-1280.77488154029,-36.4008226475989
10.611,-1209.10779297226,-16.824871403127
10.6115,-1100.48154310238,7.30312186152406
10.612,-953.234117764143,32.4297558676598
10.6125,-763.004952337366,57.2672272669479
10.613,-540.688154790042,80.8097628821108
10.6135,-316.436427329029,97.8372642266621
10.614,-117.983878214362,101.862737009041
10.6145,48.1546920209999,93.5122297963333
10.615,188.552192072196,81.3898622479517
10.6155,307.060640036689,72.7244671254715
10.616,406.759825129141,66.9054689089112
10.6165,497.102854335578,60.4293559284339
10.617,585.857461766853,54.4021089745969
10.6175,670.402009954873,53.2620859825889
10.618,747.615085232733,57.8850867672725
10.6185,823.34665802914,63.8288243604203
10.619,899.330161120165,66.4740536843867
10.6195,961.060619616225,65.3152381300302
10.62,995.90657918215,62.5535131209565
10.6205,1015.54513500029,59.241635648781
10.621,1041.444746379,54.0455717316151
10.6215,1073.30838513755,45.1905202839721
10.622,1090.49423908061,32.2607575551848
10.6225,1078.14403628414,15.411045314165
10.623,1029.08762139553,-6.20146250998449
10.6235,925.07606837727,-33.0488860743436
10.624,745.969648073794,-61.560593120181
10.6245,502.753442049601,-84.0504652190841
10.625,236.148353262749,-95.0429113584114
10.6255,-24.589243673083,-97.5102692733924
10.626,-278.184909337937,-100.545152394146
10.6265,-521.92724732603,-109.840633699139
10.627,-736.565274208017,-121.339670356624
10.6275,-915.488051532037,-124.963069879666
10.628,-1079.69485537412,-114.534191084015
10.6285,-1239.55455515032,-94.195601099049
10.629,-1363.60109426049,-75.1627777987115
10.6295,-1413.0042701244,-65.5972100859446
10.63,-1391.55922333496,-63.3965108074826
10.6305,-1332.72729227005,-59.2032069851992
10.631,-1248.26592198017,-45.542667709854
10.6315,-1121.00482885173,-21.3631331091083
10.632,-943.859189071692,10.7634623955908
10.6325,-734.030663810501,46.908025610771
10.633,-506.147871575279,79.6173847195511
10.6335,-262.053122357897,98.5512649418319
10.634,-16.86296833356,98.4432160340397
10.6345,192.218256897798,85.3655188382517
10.635,340.664746261864,71.736980007943
10.6355,442.988341186452,65.6143150327571
10.636,528.599328188248,66.4517090300852
10.6365,605.852614447262,68.8481195201125
10.637,667.479801293405,67.4405318923971
10.6375,719.884274035512,60.4330493348625
10.638,783.969213193484,51.9300170937178
10.6385,867.132867099847,48.811888707835
10.639,952.253340032143,51.7066372948836
10.6395,1019.19830922231,51.661089780006
10.64,1065.49173712119,40.5335624854074
10.6405,1101.01222797837,22.3586445461668
10.641,1132.43100319728,8.58838711061338
10.6415,1159.56901585016,3.71138649392607
10.642,1178.69591380076,2.16934313791926
10.6425,1178.60063977918,-1.57123011939125
10.643,1135.18226659743,-7.88682451074235
10.6435,1020.07231971611,-17.5864318096844
10.644,820.180361960024,-33.9669380127976
10.6445,548.250267835305,-55.8126763209541
10.645,235.059421366037,-75.2536671331772
10.6455,-86.4541069043615,-86.7742692702912
10.646,-393.234414181075,-92.7171251146203
10.6465,-677.833670859324,-96.1878934054012
10.647,-945.897109154501,-95.1110443855304
10.6475,-1202.77457136686,-88.8751896376409
10.648,-1439.90336169171,-84.8294699066248
10.6485,-1639.69139639914,-90.3161326526908
10.649,-1794.94836944471,-101.237338779423
10.6495,-1913.00167968418,-105.570167119563
10.65,-1994.05471182142,-96.3876488941225
10.6505,-2016.53935595263,-75.3313817498228
10.651,-1956.49096390469,-45.7478154213591
10.6515,-1814.30803163837,-10.2892632279421
10.652,-1608.83887012782,25.1192047363004
10.6525,-1353.15551056981,52.8710605470648
10.653,-1056.90217447894,71.0802579133471
10.6535,-749.855372300984,83.6052082021808
10.654,-476.203739874484,91.6936448749877
10.6545,-254.052783215874,92.2063811280758
10.655,-58.2671507414262,86.1419026241457
10.6555,144.741262645847,81.6025053812235
10.656,360.045234401863,83.6772532216024
10.6565,573.511494080958,87.1148878277112
10.657,781.34923800138,84.8092027504621
10.6575,991.060962865498,79.2795982191073
10.658,1200.68021509217,79.0724697553526
10.6585,1394.02212957618,86.231892939271
10.659,1553.30512898831,94.0949633160313
10.6595,1665.55875126142,96.5240589987395
10.66,1724.91691539443,92.9259968615526
10.6605,1743.97470971168,84.5993084374502
10.661,1755.62894493549,73.3023812269354
10.6615,1782.16924025917,64.3794029795173
10.662,1798.83152526726,63.1114543982102
10.6625,1742.64075137135,63.8460767836131
10.663,1564.71414625896,49.8095861950403
10.6635,1270.23088933029,10.7544662757652
10.664,909.667484482969,-42.6527782037658
10.6645,539.161661312294,-88.3256342851591
10.665,187.466677191365,-114.404702248677
10.6655,-147.920042345221,-125.895402749538
10.666,-475.234128547011,-132.721476705847
10.6665,-780.681385006798,-139.301473791419
10.667,-1036.503929629,-145.913298249619
10.6675,-1240.90875837484,-152.177874947415
10.668,-1431.66574068988,-156.14250772664
10.6685,-1641.32366898645,-155.281892057166
10.669,-1849.30337909609,-150.78139109726
10.6695,-1999.36148547624,-145.875477811005
10.67,-2057.80179427669,-138.01693390215
10.6705,-2031.63124440195,-118.588203051906
10.671,-1933.91523843196,-83.7035537549668
10.6715,-1760.19487342765,-40.0976030842907
10.672,-1506.11418849987,3.12744015453974
10.6725,-1186.1329634824,42.9568097251577
10.673,-825.828616740156,78.3762360480179
10.6735,-452.913203776122,104.209485366813
10.674,-101.534704704428,116.311255511713
10.6745,195.809340312765,119.252232922353
10.675,433.872264553588,121.617363192956
10.6755,639.035255636619,125.685994632171
10.676,838.66053649067,127.950030728434
10.6765,1037.48370960847,127.478745174834
10.677,1228.84616337883,126.672018002978
10.6775,1411.27376070096,124.944506417864
10.678,1583.34606497149,118.857231627631
10.6785,1737.32881182348,108.722573254834
10.679,1869.56664190444,99.0654718163771
10.6795,1984.92199727481,92.18430004796
10.68,2082.34925566155,86.2726175986821
10.6805,2151.67416966347,79.4349745752866
10.681,2195.19909714027,70.5173945358492
10.6815,2233.69281184235,57.2009920055986
10.682,2271.72998223519,38.8371472693055
10.6825,2267.78236584719,19.1100190815339
10.683,2157.1197542972,-0.920448066815326
10.6835,1901.03658818547,-29.4559854122423
10.684,1506.61933494042,-73.5199630729809
10.6845,1013.27464257546,-122.631329293869
10.685,475.771732736889,-154.813952730149
10.6855,-52.6972942253064,-161.764200920271
10.686,-543.713434622605,-157.349756714035
10.6865,-999.506115952704,-157.183546164389
10.687,-1425.58578801598,-160.961350019735
10.6875,-1807.36639079625,-161.493777648672
10.688,-2128.40319548631,-160.310359027692
10.6885,-2399.42425607319,-163.729568976304
10.689,-2645.71354794103,-169.804856932748
10.6895,-2867.88125834121,-169.40085093268
10.69,-3033.92046656591,-156.977315993861
10.6905,-3109.25758798012,-132.478144224738
10.691,-3078.45827724142,-96.069565789298
10.6915,-2939.50773408978,-49.0967638455711
10.692,-2696.61758865318,1.81843360720738
10.6925,-2365.80552491081,48.3661672013644
10.693,-1978.92654149686,86.4316384484808
10.6935,-1579.3135311061,113.675264768386
10.694,-1213.85231498218,125.77463516811
10.6945,-916.127313703911,122.045196523534
10.695,-683.845331967187,110.982096651912
10.6955,-482.188209772167,102.531024804026
10.696,-284.387543591151,97.8068775432909
10.6965,-100.231490366548,93.4827577454918
10.697,49.1843654969308,91.6633486130074
10.6975,168.733918705098,95.606148950467
10.698,277.816201792468,99.2783146061326
10.6985,376.475851296843,93.1042005208334
10.699,454.939111643409,78.9235807837818
10.6995,527.441878593136,66.9183277557781
10.7,617.463844212654,57.6058361603714
10.7005,709.115067569734,41.0536166660733
10.701,753.614898248025,17.1938002587462
10.7015,732.171886830503,1.34772809308017
10.702,673.450829243071,0.676737669534157
10.7025,598.824424658291,-1.21665144270019
10.703,499.667206786088,-21.6237212139812
10.7035,397.971484593458,-48.4178817333044
10.704,382.870664360838,-49.4848004264747
10.7045,533.191151785709,-12.6039768291023
10.705,821.011687532421,38.2590683238062
10.7055,1138.50826576279,70.831465048192
10.706,1412.75741894018,77.5764586563847
10.7065,1651.89502148952,74.043072462399
10.707,1883.49028132089,73.7247102244237
10.7075,2099.68178385565,76.9009613433998
10.708,2280.76564094547,81.969123345331
10.7085,2432.06573633002,93.6552117753505
10.709,2564.85439621667,112.447308449654
10.7095,2658.44458418448,123.399688370459
10.71,2667.9667637581,106.538208876267
10.7105,2563.57596057484,58.862280403925
10.711,2345.46936772167,-1.56854906169908
10.7115,2028.19708183329,-55.0753322010688
10.712,1629.77226881144,-96.6393546728128
10.7125,1177.269399903,-129.748904725029
10.713,709.321240787372,-152.653282461784
10.7135,266.197174118943,-159.587565971868
10.714,-122.334067595908,-152.144260989791
10.7145,-444.675727029479,-140.233833922328
10.715,-710.601374351209,-131.33638516939
10.7155,-944.76167895728,-125.412982553524
10.716,-1168.82396787462,-120.830598697782
10.7165,-1387.55413686557,-118.517012562181
10.717,-1594.35978870202,-118.362326005911
10.7175,-1786.88065995236,-117.377373453884
10.718,-1969.57624848857,-114.290841268444
10.7185,-2140.46675154973,-111.564865878668
10.719,-2283.30341303774,-110.155461308886
10.7195,-2379.22628980181,-106.110921888017
10.72,-2425.68224879853,-95.3356449300966
10.7205,-2441.53255281165,-78.9830622024689
10.721,-2452.77690869952,-61.5680834867165
10.7215,-2469.67687850303,-45.5017812658216
10.722,-2469.902567301,-28.6954866643864
10.7225,-2400.7931720939,-5.5066897871957
10.723,-2207.64153107338,29.9733020874768
10.7235,-1874.59826182323,77.6492636401272
10.724,-1442.92226138755,127.108522733073
10.7245,-983.291481937068,163.514512148482
10.725,-546.36926645518,180.277202106081
10.7255,-142.045641000891,183.459944806559
10.726,238.656270491043,182.631746368597
10.7265,597.704370498423,181.1504887021
10.727,932.908589996174,177.294798221834
10.7275,1250.47004939927,170.530851788797
10.728,1554.76540774252,162.616169682609
10.7285,1827.41115720707,154.596157091664
10.729,2032.98144199204,145.878694850451
10.7295,2150.43839041291,134.930041222948
10.73,2189.50031725166,118.720702750964
10.7305,2172.48066316098,93.0961610246435
10.731,2106.98411743932,55.8934266074057
10.7315,1977.66820115895,9.10595561321547
10.732,1758.15443245515,-41.9696437024538
10.7325,1434.29728615051,-89.1604455994711
10.733,1030.25675537192,-121.51248948777
10.7335,614.15416560801,-130.962701609595
10.734,261.140318698815,-121.661233866418
10.7345,-1.37622286879696,-109.666332101501
10.735,-205.366503723562,-108.469478942993
10.7355,-393.822616399347,-116.419930179324
10.736,-572.139512134687,-121.849454700219
10.7365,-717.142841889136,-118.128670244408
10.737,-821.379579626966,-108.98454662585
10.7375,-907.997729662928,-100.561770554875
10.738,-1001.76526455183,-94.2234749555955
10.7385,-1102.20384931488,-88.4862911797465
10.739,-1192.20653316873,-83.3746546630275
10.7395,-1262.49457401353,-79.647369477312
10.74,-1317.95514440102,-75.7936732259412
10.7405,-1364.35699309492,-68.9928317752227
10.741,-1398.67151304462,-59.0005926926554
10.7415,-1413.49804320284,-48.5389020201889
10.742,-1401.70592167502,-38.0606516922978
10.7425,-1348.42745672337,-21.2890986653484
10.743,-1223.31516591052,10.5263242862942
10.7435,-996.989151277467,57.512264676132
10.744,-675.457464383356,105.8843492121
10.7445,-310.630686635455,137.136891771638
10.745,36.2270830127312,143.402887701305
10.7455,340.576014915937,132.562382054199
10.746,616.275079395444,119.069916787981
10.7465,878.272506911301,112.165362736761
10.747,1121.71260043028,112.133608029896
10.7475,1339.17762184178,113.879831844573
10.748,1537.47904236838,112.499098233043
10.7485,1723.65721924509,107.605796628783
10.749,1884.87931770631,103.23114785402
10.7495,1995.108446136,101.830748178362
10.75,2036.86589508554,98.7608075032581
10.7505,2007.97163733478,85.5220166408595
10.751,1912.26216196075,58.3423509431471
10.7515,1752.32431467725,20.5557550019453
10.752,1529.14629668357,-22.3593777419208
10.7525,1246.05963311738,-64.8027675118234
10.753,919.737864280125,-98.204539668193
10.7535,589.15017230217,-113.692881737478
10.754,300.074435869355,-111.680704984613
10.7545,70.8394433324751,-103.720271253636
10.755,-117.750500275025,-100.135092579609
10.7555,-290.980909221174,-99.3890830609232
10.756,-451.294576339021,-94.0713078724765
10.7565,-591.614696511101,-83.7299157611388
10.757,-722.091921592745,-75.8633718651061
10.7575,-862.49805880381,-75.7001158471162
10.758,-1014.21220049289,-80.5009817905719
10.7585,-1159.80973065697,-84.1502282481706
10.759,-1288.0421505415,-83.2383524248461
10.7595,-1400.31424402406,-77.8698323726907
10.76,-1493.62033801869,-69.5992211110566
10.7605,-1558.45648313893,-60.0866343887015
10.761,-1598.21510186399,-50.6888755201921
10.7615,-1630.32695683768,-42.3515814440366
10.762,-1656.57390683292,-34.8077605758522
10.7625,-1644.92103027735,-24.459646232245
10.763,-1552.58707430475,-4.59159922546562
10.7635,-1361.56629868613,27.7284327454377
10.764,-1086.8197577289,63.9129174203961
10.7645,-760.039016245128,87.9851218300291
10.765,-414.737976488626,91.9048057077638
10.7655,-79.9585398364912,83.8681507420546
10.766,224.539209249148,78.8224397219503
10.7665,491.580350639625,84.2077291833976
10.767,725.059021205224,97.7096232807214
10.7675,935.635283391417,114.046130428837
10.768,1133.65339706155,128.265681646322
10.7685,1318.17140779098,135.212606871064
10.769,1472.4673208417,132.066063655969
10.7695,1577.10355171754,121.130458217277
10.77,1627.04240960857,106.037416651496
10.7705,1628.07904114473,86.2758911188648
10.771,1578.05087388485,59.4341487649254
10.7715,1464.29269481918,27.3362588281805
10.772,1283.84476640534,-4.52936333857884
10.7725,1056.4588405351,-32.4635816288717
10.773,812.818562176697,-54.9179931453871
10.7735,577.02049217604,-68.9339326703978
10.774,361.858261246251,-72.0636352032938
10.7745,169.769050697574,-67.9540105050794
10.775,-6.64862714559295,-64.5668411802804
10.7755,-174.968930636572,-65.6896508529673
10.776,-328.736908854192,-68.5524160266684
10.7765,-453.414629184759,-70.5467407988685
10.777,-551.503490678539,-73.3262963549673
10.7775,-648.283012270642,-78.3893892729581
10.778,-762.817612270225,-83.0843736773143
10.7785,-884.696165843455,-83.9741297945484
10.779,-990.675646831742,-81.2906636176309
10.7795,-1073.16865600244,-77.4948490712546
10.78,-1138.31649126391,-73.6843621080319
10.7805,-1186.23168270793,-69.7536715337574
10.781,-1211.59578950835,-66.1007976347914
10.7815,-1217.86601888412,-62.3914400081198
10.782,-1209.87898297881,-55.4126184108487
10.7825,-1171.77150791421,-40.5810156378712
10.783,-1072.06218410952,-16.2230217813873
10.7835,-897.731021804709,14.2103478719654
10.784,-670.420035998206,44.2131010455253
10.7845,-423.902056758159,68.4443269316897
10.785,-178.247604429415,85.4253834772111
10.7855,58.3479291365168,96.6879365872851
10.786,277.311056567127,103.965498481265
10.7865,472.460709801856,107.963458597343
10.787,648.00610554425,109.25653686906
10.7875,811.971654241481,108.335664141963
10.788,963.51865888951,104.359795565213
10.7885,1093.69856686125,96.2046288878391
10.789,1195.64684543746,85.7175488838214
10.7895,1266.93511488823,77.0370152540059
10.79,1303.71703726542,70.5029949284083
10.7905,1299.09591334254,59.8489891953848
10.791,1247.37705466957,38.6086806929593
10.7915,1146.57072033664,7.84968513153438
10.792,999.009891141552,-25.0174491524984
10.7925,814.722383744202,-53.1069229714328
10.793,613.836068533625,-72.575359314595
10.7935,420.865598821397,-80.7786612115032
10.794,253.593435128995,-77.3662909166523
10.7945,115.833875071862,-67.4991458050375
10.795,-1.75985438909119,-59.4886320437549
10.7955,-114.326744857614,-57.5156487938749
10.796,-232.20106819002,-59.0336359061796
10.7965,-354.300932252083,-59.8933545588098
10.797,-472.420424865545,-59.3142938548063
10.7975,-581.041710269001,-58.9053592712608
10.798,-679.43795575602,-59.2771922539714
10.7985,-766.227176871321,-59.2210102928666
10.799,-839.971763951782,-57.133052947984
10.7995,-906.074913640173,-52.3922332288902
10.8,-972.96497055281,-45.9206542285472
10.8005,-1036.72428115909,-39.5625156378004
10.801,-1079.14389574628,-34.5363180922571
10.8015,-1087.57927515657,-30.7102324238607
10.802,-1065.93523809194,-26.9836740757432
10.8025,-1015.56836252541,-20.722324057851
10.803,-916.776619009458,-7.27962790195682
10.8035,-747.618063958052,16.0930317611993
10.804,-517.526431361457,44.217806832131
10.8045,-264.557074080618,65.7709262340355
10.805,-19.7566822945442,74.2967530561047
10.8055,208.010888936992,74.5392979176149
10.806,411.796829505264,74.7687115568056
10.8065,575.885770209738,76.4704643407001
10.807,697.849980263787,76.0093038843533
10.8075,802.462884856356,72.9324926331441
10.808,914.758599201504,70.5443676514909
10.8085,1028.22494228972,70.2062515978296
10.809,1115.02318675489,70.9843194634405
10.8095,1159.1226166802,73.2137362381023
10.81,1162.11877575731,75.8888921927975
10.8105,1123.20350022464,71.888094066891
10.811,1035.49052348076,53.6265091420025
10.8115,904.002223407866,24.1158565451709
10.812,748.503752834996,-4.5675809366853
10.8125,582.841179145667,-24.55569796851
10.813,407.21880876176,-36.7239598556247
10.8135,228.517746345993,-41.6556862261877
10.814,73.0303315006882,-36.254580896696
10.8145,-35.2661097947333,-23.7554444930649
10.815,-103.179843233733,-17.6617907343552
10.8155,-164.085704655336,-27.5129105088589
10.816,-247.174862354379,-46.1499825826873
10.8165,-356.425367276733,-58.9645440895133
10.817,-474.956827376803,-61.9536958510528
10.8175,-581.905627541881,-62.6430252244323
10.818,-666.623430591996,-65.7586021897444
10.8185,-732.609265823012,-67.0737484173397
10.819,-788.082802937379,-62.0535263600592
10.8195,-832.229464147952,-52.8098685919026
10.82,-856.316507306093,-43.6615519048541
10.8205,-861.056246147124,-35.2495908819656
10.821,-863.015944560599,-26.5159612578384
10.8215,-872.726270175722,-18.8894424281291
10.822,-870.509628227962,-14.6634723850549
10.8225,-817.343380821116,-12.6049463660797
10.823,-693.716739473313,-8.09606923860339
10.8235,-521.194309183455,2.2982801853626
10.824,-343.006474093954,17.6307762285855
10.8245,-188.380685747054,33.6817158120047
10.825,-57.1442853041385,46.3487047225909
10.8255,67.8818070947915,54.0782272060385
10.826,199.730877314322,57.8844636947681
10.8265,337.057498190002,59.6557331705512
10.827,469.811263692752,60.3058651101652
10.8275,590.903884513773,58.7251090263395
10.828,699.229225768942,52.2103583400266
10.8285,791.536951954665,39.2520570050757
10.829,857.601502928597,23.1366607992256
10.8295,889.363785028208,11.1560133141824
10.83,891.773820879485,7.3793143368157
10.8305,876.480917243805,6.81374294056613
10.831,843.796004263916,0.300704886529331
10.8315,778.026073084104,-14.329164269477
10.832,665.130590564651,-29.7072083661155
10.8325,512.790454625863,-38.5646457056521
10.833,350.95350020098,-41.4253931010833
10.8335,212.886247952971,-42.0155958260535
10.834,112.677744570897,-39.7071872253844
10.8345,35.6548872219647,-31.9871380004081
10.835,-49.017484662767,-22.138673770386
10.8355,-160.21157201739,-18.0886601471606
10.836,-286.766927417892,-22.7773983933827
10.8365,-399.897415684357,-30.1815234309397
10.837,-481.48761992046,-32.4084364775731
10.8375,-533.477259058365,-27.5155889516466
10.838,-561.702313628305,-19.0904355177613
10.8385,-564.12787432097,-11.4020531399554
10.839,-541.495416368319,-7.08538485485733
10.8395,-508.821731078683,-7.14002698629846
10.84,-485.253639201992,-10.4575642084125
10.8405,-477.312954863993,-14.1041996029031
10.841,-480.814038419074,-15.6676316350002
10.8415,-493.180683637813,-14.6840461104183
10.842,-511.179837692703,-10.9679009866545
10.8425,-518.752717066328,-3.16066418332332
10.843,-491.600028045942,9.25939508164008
10.8435,-418.412355733647,23.5143176036131
10.844,-308.850213062805,35.1560534584828
10.8445,-177.987277468866,42.118990972398
10.845,-33.0742303398758,45.8010911827622
10.8455,119.383660316449,48.3750219738159
10.846,264.191411502374,50.5514857031639
10.8465,385.701926138883,51.9973839877772
10.847,481.213178942266,52.3357286486273
10.8475,557.540884386594,51.28535116151
10.848,617.088523332851,49.212863188573
10.8485,655.833738611649,48.0245543273901
10.849,673.628996071966,49.7301833652415
10.8495,676.691396777159,52.8166269896981
10.85,667.113685486198,51.6100181681855
10.8505,637.322980684628,41.4988302380189
10.851,579.897297510798,24.3313777028606
10.8515,498.588374798137,6.46668299405349
10.852,404.590992367815,-8.48528445279982
10.8525,304.730869682958,-22.517873686134
10.853,199.935493879217,-38.1015527206915
10.8535,96.2999535210952,-52.8267947092366
10.854,11.102078932472,-61.3754370379873
10.8545,-39.3764477518792,-61.5670907137661
10.855,-59.1693760906667,-56.2580028830921
10.8555,-75.0493339666133,-49.849062887708
10.856,-114.938768191002,-44.998825532409
10.8565,-183.794003610532,-42.4791745242928
10.857,-263.022874391313,-41.7976973767065
10.8575,-332.28744198732,-41.0827786182717
10.858,-387.425629425441,-38.0416410828792
10.8585,-436.941486816331,-32.3238126602296
10.859,-487.480871716759,-26.249748676899
10.8595,-537.195081549648,-22.4374481509493
10.86,-579.140388888938,-21.2682077344004
10.8605,-605.371597599683,-21.1743545729955
10.861,-609.983365441816,-20.5659352752971
10.8615,-594.424670737668,-18.4372620502955
10.862,-568.776855448702,-13.3774384893158
10.8625,-540.541742124843,-3.30471134751907
10.863,-501.222674841422,12.683355373183
10.8635,-431.903040306301,31.8682394389576
10.864,-326.330339623159,47.9406536728606
10.8645,-202.321824630089,54.792594251598
10.865,-84.6005365246396,51.3127381601899
10.8655,18.8611097015639,42.3943702591989
10.866,116.55876693552,34.7358398537647
10.8665,213.848806853417,31.5915570863702
10.867,304.036817696557,31.5038625100803
10.8675,379.809311788816,31.2811928475222
10.868,443.752777594164,29.4678252695043
10.8685,502.38000521586,27.3400457112137
10.869,555.808967004757,27.2550512322376
10.8695,598.904727518957,29.8275677699553
10.87,628.216299929257,32.3196571613443
10.8705,641.556955147596,30.3453963510728
10.871,633.3155925306,21.7537611131059
10.8715,596.867361238402,8.29959583843017
10.872,532.131541967169,-6.95082762789721
10.8725,447.167284616033,-22.6863434912307
10.873,352.950337913759,-38.5592210620535
10.8735,259.351814744251,-52.3230828844969
10.874,173.556845927171,-60.0273010973444
10.8745,97.3824641756901,-59.7248412469563
10.875,27.5007167879327,-53.780812249112
10.8755,-37.3307284146439,-46.6485503990996
10.876,-92.0655988057299,-40.7732790737686
10.8765,-134.358293188487,-35.2536761279713
10.877,-173.942728770182,-28.3970065734436
10.8775,-223.056927199504,-20.8023227490553
10.878,-278.569343498378,-14.8845710715183
10.8785,-325.15391420364,-11.2019688162271
10.879,-357.524404616449,-6.9129073128829
10.8795,-386.533318970021,0.488203707352085
10.88,-419.126315800144,9.14101504242378
10.8805,-446.979224400941,15.052910121617
10.881,-463.889986248303,17.5257046573593
10.8815,-479.627064716338,18.9018063670328
10.882,-501.203017051179,19.2276956015461
10.8825,-510.986866255118,15.9608103935199
10.883,-482.464089030399,10.1574151189981
10.8835,-413.006760392015,7.45127669679221
10.884,-322.553748873001,9.78890458695816
10.8845,-223.013423193742,11.5804135266215
10.885,-110.888612718877,8.89839428196943
10.8855,7.74413051214834,7.48469668842725
10.886,109.509836365285,14.6195257036918
10.8865,182.978920145054,26.4760000166055
10.887,246.837561104923,32.0633484710136
10.8875,322.439548669527,28.6588488441118
10.888,401.073595032246,24.5920507967647
10.8885,456.551915999303,25.7502508937474
10.889,482.160936933618,27.7268816342559
10.8895,495.635962513322,24.2246106051083
10.89,509.866863283542,15.9720856998193
10.8905,517.458496513201,7.26798893076876
10.891,507.259501272688,-0.469817465099244
10.8915,479.567394393427,-7.38909566330197
10.892,437.085189532687,-12.2282020913716
10.8925,373.467562058316,-14.8086599901554
10.893,282.981866398744,-17.4236703869327
10.8935,176.34418600503,-20.0841872123848
10.894,75.9424975333703,-18.5636757906214
10.8945,-4.82882488319166,-10.919834147812
10.895,-70.6017382937498,-1.79466426139891
10.8955,-132.364515185015,3.53775710529422
10.896,-193.941805360607,4.95388222463606
10.8965,-252.645066124049,3.42345547468144
10.897,-306.361884990561,-3.37547408912568
10.8975,-353.016583913813,-15.7698936662383
10.898,-386.245905681441,-27.3278924180566
10.8985,-400.371456809753,-32.2012500406109
10.899,-400.428635860276,-33.3728832676154
10.8995,-399.030794963166,-36.3449971655805
10.9,-400.56648748585,-38.198508125994
10.9005,-396.872276092406,-31.7695157698827
10.901,-382.390303075586,-18.9637195123817
10.9015,-362.620144302226,-10.3827732921925
10.902,-339.431572520344,-10.7481056677834
10.9025,-300.589299405666,-12.812250812739
10.903,-239.228211057586,-7.9273709889864
10.9035,-173.76875429409,3.79487306896174
10.904,-126.419750916996,16.0281304110408
10.9045,-85.7552441675992,23.5271203798268
10.905,-17.3429799791229,25.1246959541664
10.9055,83.0199308401013,24.1711513363847
10.906,173.11893292385,26.9962132387632
10.9065,215.800078782107,36.3006939388084
10.907,225.861010239917,46.0316722331401
10.9075,246.924060823938,48.3067853005114
10.908,297.023345462406,44.8553987729377
10.9085,357.720396758359,44.177900158335
10.909,405.916373634774,47.0301732921877
10.9095,433.577626214313,43.9683244337041
10.91,440.544600423272,30.3037934978743
10.9105,428.679017302968,14.4661763416536
10.911,403.901433644612,6.25369025073161
10.9115,369.920114938323,4.37413497269493
10.912,321.63535817171,1.79738910056341
10.9125,256.74156480408,-3.27694427610762
10.913,188.223818107175,-9.01792601638275
10.9135,130.70743911276,-16.8754854726012
10.914,80.7613541673423,-28.5002044823331
10.9145,27.9042790978782,-39.1183106439556
10.915,-21.4965667737565,-41.9869934623113
10.9155,-52.6731677772716,-37.7811712822233
10.916,-70.7759928484462,-32.8902699928438
10.9165,-96.6219468285798,-30.0737125287433
10.917,-134.242528019403,-27.3362110078432
10.9175,-167.784867554389,-24.5996147450964
10.918,-193.752351106986,-24.5194512245894
10.9185,-229.108981847432,-26.8888909234321
10.919,-278.326702917012,-28.4386076971121
10.9195,-318.495109950967,-28.4105136834437
10.92,-331.842844153306,-28.8306471738497
10.9205,-331.321266499591,-29.2653961442753
10.921,-337.527624467964,-26.9747334624603
10.9215,-349.336881761048,-22.536702911237
10.922,-354.830935899534,-19.4062152686114
10.9225,-352.915534007376,-16.948983868446
10.923,-343.123709952267,-9.98454023100213
10.9235,-309.64682807263,2.57159213043937
10.924,-240.23861702365,14.0883459892354
10.9245,-151.425700277881,18.5699576334274
10.925,-70.8156019549144,18.6020113140091
10.9255,-0.313138761977234,21.3135725832608
10.926,79.2961360849941,28.9917226798562
10.9265,169.922159237469,37.0967109840867
10.927,246.525131712786,40.2525774923351
10.9275,289.019136991961,37.4735319155923
10.928,304.220417156856,31.8799530212541
10.9285,311.245030061806,27.1527867437215
10.929,321.074632160894,24.7214886674831
10.9295,334.702710080305,23.9606763478891
10.93,345.772020612088,24.3852231817038
10.9305,338.81058468745,26.123391498486
10.931,298.593609551985,27.6771742469699
10.9315,229.941095600565,25.5367747593394
10.932,160.094417803351,18.2141550345645
10.9325,115.765602189962,9.03894670555455
10.933,103.455905914649,2.4451225409364
10.9335,112.455049542845,-1.21173871004693
10.934,126.304576913467,-4.78808726402573
10.9345,128.611414742813,-10.0735508601599
10.935,109.601520697964,-17.0960671045608
10.9355,73.9577302960866,-25.4598341930837
10.936,35.2379618365645,-32.7993968932621
10.9365,-1.09352278177091,-34.2945697628571
10.937,-41.2218961781846,-28.4969199662454
10.9375,-87.4592636684195,-21.7842322912142
10.938,-130.657391072853,-21.3803980023133
10.9385,-164.315012149639,-25.0654123796004
10.939,-195.624364208838,-24.1828670259724
10.9395,-232.799154119629,-16.7171312569162
10.94,-268.550991212971,-10.3835930954953
10.9405,-287.021022351429,-11.2958037187181
10.941,-284.284857456962,-16.2613106636052
10.9415,-272.795086835209,-18.9990651722398
10.942,-265.621920039538,-17.9899976789107
10.9425,-262.602702307987,-14.6122565802559
10.943,-252.45021767552,-8.70298355080131
10.9435,-224.326695385597,-0.358269713686598
10.944,-177.386169138887,7.53488534584413
10.9445,-122.22361789846,12.5763441934932
10.945,-73.1334168830388,15.9351880238317
10.9455,-37.0998910182404,19.1332436973653
10.946,-10.4519665537096,20.8107184299388
10.9465,13.878798123989,19.8502638565024
10.947,38.5360129518289,18.816864828285
10.9475,62.0569015334548,20.9329433499357
10.948,83.673627102952,25.8772475048315
10.9485,105.424960039822,31.3249799123666
10.949,130.999824683028,36.2387460311725
10.9495,163.109873745006,40.0586926359583
10.95,199.69499200233,41.2863818448994
10.9505,232.992919559672,39.6549376854366
10.951,256.467351508662,37.2485273714305
10.9515,272.909874759846,34.9098351082095
10.952,289.844067907121,30.1618959929302
10.9525,304.791085966756,21.152687958029
10.953,301.934259786265,9.61588502657539
10.9535,268.901472098035,-2.80058486781845
10.954,211.859523754406,-17.6042205716889
10.9545,147.010463116214,-35.1692224620183
10.955,81.0771739294497,-50.5065616268413
10.9555,10.2232847456669,-57.7036602299158
10.956,-61.7417531732301,-56.6246069475894
10.9565,-116.066224572895,-51.5004412679228
10.957,-137.549116101128,-45.0176663365065
10.9575,-133.992839904915,-37.6850069664807
10.958,-128.460328018897,-30.9689590838651
10.9585,-135.343172771671,-26.5298804896702
10.959,-153.125158731479,-23.0817531051616
10.9595,-177.872138619512,-17.4164128759524
10.96,-209.271534492167,-8.04507903869795
10.9605,-239.072474825787,3.90918141184019
10.961,-249.014051013772,15.2292399803034
10.9615,-233.198346843317,20.3662261171119
10.962,-212.386053455761,14.9806709706517
10.9625,-209.252476361788,3.36091658469874
10.963,-214.517585998773,-2.13644791693709
10.9635,-196.450275437316,5.61992409311668
10.964,-143.542573919011,19.315030908218
10.9645,-77.8032447035098,26.8813808708511
10.965,-21.7032065416161,26.57874982494
10.9655,27.0455947020194,25.1861340133446
10.966,77.7573120009664,24.4729449750477
10.9665,123.507924846838,19.0531647619741
10.967,152.22108057629,7.48597819990733
10.9675,168.269536129327,-3.68410237738463
10.968,186.641489797451,-8.89460409543543
10.9685,214.140761823465,-9.03818185299921
10.969,248.878615307202,-6.0080161433814
10.9695,286.662377424807,0.653513649426239
10.97,313.106742489417,8.47143228338058
10.9705,302.844867373199,10.2105061660228
10.971,246.480030743165,1.74471029482849
10.9715,167.8161823861,-12.7637748621986
10.972,93.6173487607329,-26.4545781095544
10.9725,18.2571361468384,-35.7599034338092
10.973,-74.9531324519395,-38.5775077181683
10.9735,-167.431995087503,-32.8099212804354
10.974,-215.024874153652,-20.9618278088428
10.9745,-203.414391411241,-10.8878703788713
10.975,-159.414781480614,-7.14561962043327
10.9755,-103.074278469085,-5.74395716277605
10.976,-26.5228926302375,-1.56598114575925
10.9765,65.74117978648,3.7917467278935
10.977,133.086316190507,6.48055755074397
10.9775,142.226800517929,7.9130759914283
10.978,109.133798155059,11.7220249823269
10.9785,70.052506029062,16.8750772947496
10.979,30.5206540280804,20.1009787482069
10.9795,-27.5155988048044,22.1072804316109
10.98,-102.383608288034,24.8833032480498
10.9805,-168.516573610685,25.629311782213
10.981,-210.524015232418,20.6709735084655
10.9815,-233.613633015296,13.3682875800811
10.982,-240.437294299835,10.068816190332
10.9825,-222.203958165836,9.15436864009567
10.983,-177.644955985053,2.96696562812967
10.9835,-122.803330189079,-8.58161679975382
10.984,-75.854004145619,-15.4660722236412
10.9845,-42.6225752342344,-11.6540323457605
10.985,-18.2611220676493,-3.57499527166824
10.9855,6.17717042332489,0.126633759088345
10.986,37.5360120186075,0.207133577527202
10.9865,71.8574978733699,2.11526184480343
10.987,94.807465553626,5.27050501686614
10.9875,99.0019562128986,4.54843154879854
10.988,95.2943300581327,-0.357229667689535
10.9885,98.2869014046604,-4.13838250752564
10.989,109.540363637653,-3.65469487646415
10.9895,125.711754838153,-0.838971802493802
10.99,150.444178619154,2.04719899406677
10.9905,181.198918588457,5.29604438007289
10.991,196.657157453916,9.58590071235099
10.9915,180.450629955767,14.6031173582867
10.992,149.344374527236,19.6497680865811
10.9925,131.566783612055,22.3413905977126
10.993,121.575844485647,17.9550064764781
10.9935,86.4027372240295,4.81010142211352
10.994,18.9331848534899,-10.155561428396
10.9945,-46.812286415877,-16.6083290149469
10.995,-83.8347143378607,-12.5040887891408
10.9955,-106.509008696973,-5.6577127451633
10.996,-139.30391647074,-2.75220067984187
10.9965,-174.686945149293,-2.5842889259157
10.997,-185.529453012409,-2.38373740750458
10.9975,-165.756168513621,-4.22443226219533
10.998,-136.275464936184,-10.0840650427334
10.9985,-116.961099464166,-15.4364827365484
10.999,-110.976345828951,-14.3983494492999
10.9995,-113.197661458708,-8.88203256886102
11,-118.117557908943,-6.26538428179856
11.0005,-119.770980525925,-8.82041147055645
11.001,-116.247639563434,-11.2810171692254
11.0015,-115.572327628928,-8.91781035385063
11.002,-128.445574224422,-2.53860083698539
11.0025,-153.262214597466,5.20739523672322
11.003,-172.81463787311,12.988670733996
11.0035,-166.678983600391,18.3771046362342
11.004,-126.979097581333,17.2084552228005
11.0045,-66.1512773747006,8.54315142807803
11.005,-9.0552589762759,-2.76660415247398
11.0055,30.5855097508115,-10.9293785441898
11.006,67.6660515081854,-14.0206893945862
11.0065,129.498373209649,-12.2870336658057
11.007,218.087406606874,-5.55913446667364
11.0075,300.477564920819,4.2277445519303
11.008,344.497391988789,11.032238238145
11.0085,352.438225025718,9.96666599842626
11.009,347.735973769444,3.74568021030691
11.0095,338.744563672322,0.0514790784941625
11.01,312.703287138518,2.37118556729651
11.0105,262.053437101669,6.34653478600936
11.011,199.875091171022,5.56656518003881
11.0115,145.975402797101,-1.33038501685436
11.012,108.647098869383,-9.90576856295175
11.0125,83.3717280370079,-14.7126241515119
11.013,60.5902446764851,-14.4629422998489
11.0135,30.7312837713845,-13.2902966856672
11.014,-11.4378652345827,-16.4382664255699
11.0145,-61.739558462577,-23.6249349583031
11.015,-107.83701170242,-27.6996438662219
11.0155,-138.235799967423,-22.0082196004385
11.016,-150.15003630461,-8.91039111170845
11.0165,-150.294500728982,1.30096455522786
11.017,-150.548675757989,0.907812921583384
11.0175,-160.560650544946,-7.05122042421185
11.018,-179.636622007622,-12.0933979269629
11.0185,-195.791901426273,-7.23019034724709
11.019,-196.651725957555,4.29476231640264
11.0195,-181.943341553484,13.1806001305671
11.02,-162.799156488111,13.9455590192478
11.0205,-149.419945434417,9.36278365065127
11.021,-143.001101099417,5.25483218420949
11.0215,-139.810187723821,3.44376569840947
11.022,-138.305240281157,2.08406477401926
11.0225,-138.339849994709,1.15575980217634
11.023,-135.062657338369,3.51538384800053
11.0235,-119.217995535024,9.95661586040349
11.024,-87.2866883032783,16.8492652207679
11.0245,-48.8627800355508,20.3811753996032
11.025,-18.0792322149677,20.5209354425802
11.0255,2.55315482435335,19.2390911085834
11.026,22.6610327764094,17.5284005163275
11.0265,46.111032442626,16.1034041676706
11.027,62.5233391481538,16.3221719392403
11.0275,64.6291652942005,17.8473524395806
11.028,64.9077695882933,17.5504513622542
11.0285,81.2844387025538,13.3487558994376
11.029,111.179360181714,7.28818038352489
11.0295,135.663139566384,2.40932597879968
11.03,148.062228063819,-1.30019461318107
11.0305,161.061962000526,-4.96994269974196
11.031,183.013734285762,-7.05775262347289
11.0315,205.069362871222,-5.24866883841815
11.032,217.700861238232,-0.945802507681843
11.0325,222.230493825412,1.90388443597245
11.033,217.227948737847,2.25639062340195
11.0335,192.063273806935,3.224194740632
11.034,147.910274763146,7.72460510835372
11.0345,108.356734035185,14.854289737559
11.035,90.1297165557243,20.3794505195126
11.0355,75.1440028069689,19.7697929130784
11.036,32.205155043211,12.2254057641932
11.0365,-41.2474359257988,2.77662782152444
11.037,-118.869620155866,-2.38262472097554
11.0375,-179.390065214881,-4.41903238467178
11.038,-217.973247365677,-11.7501010258994
11.0385,-228.693007236937,-28.0930679467203
11.039,-204.329795644842,-45.0661249249247
11.0395,-159.353690788518,-51.9875857632131
11.04,-128.380621625313,-49.0813151422376
11.0405,-129.464027186808,-44.0391678749196
11.041,-145.362911884446,-38.8439085380383
11.0415,-150.884228031837,-29.2865233470398
11.042,-142.493494264041,-16.5960963579051
11.0425,-130.059569133135,-9.00302985428662
11.043,-115.890630918436,-9.08626566801526
11.0435,-97.2028542345266,-8.61452568457673
11.044,-77.0425271175552,-0.340177834040508
11.0445,-56.9089765013034,12.5080674410766
11.045,-28.3066101579161,23.2005671410362
11.0455,12.1257859468682,30.6946257869753
11.046,47.5373951055066,35.6758075652571
11.0465,59.3913752411757,34.0577664046153
11.047,56.061894868491,23.1852557872999
11.0475,63.4499931533967,11.1248283028549
11.048,88.2970231429807,10.6396367233311
11.0485,110.645209155077,23.668683660674
11.049,115.653547175394,38.4497544126966
11.0495,113.496341576138,42.9884073898735
11.05,120.156048109029,36.0825622464496
11.0505,135.677504914566,23.9584270011258
11.051,152.430170777323,11.2393165118673
11.0515,169.805449806909,-1.81032865850798
11.052,185.647384202508,-15.9936244685888
11.0525,184.487024095385,-30.1358582409367
11.053,153.308294298161,-40.7553975000065
11.0535,104.752890272095,-43.7986328271175
11.054,66.6261582247336,-37.6432680401187
11.0545,48.0095313351255,-25.3313658760175
11.055,31.9563745656034,-13.4009297851232
11.0555,4.48619154100517,-7.58441984670352
11.056,-25.7680080774764,-8.7248015878455
11.0565,-44.5730452693487,-12.1977941147226
11.057,-54.7154983281102,-11.9085704739542
11.0575,-69.321098021372,-6.25200325783529
11.058,-90.7279284249447,0.0569288529799846
11.0585,-108.615470492754,1.50126124639273
11.059,-115.647231036573,-1.62516152710946
11.0595,-114.28032304406,-4.58609572638377
11.06,-109.385314453516,-5.42548072115058
11.0605,-103.317869703375,-6.71930236384086
11.061,-98.8013739900876,-9.47606626185033
11.0615,-99.7745100760104,-10.1210337642403
11.062,-107.938923223133,-6.17249863572243
11.0625,-121.29135047658,-0.805376317575606
11.063,-133.787674331373,1.99230177971424
11.0635,-133.891790048339,3.73931648232652
11.064,-110.3051104894,8.69063765138869
11.0645,-66.5926044694977,16.7460069599369
11.065,-24.1189233204187,23.3280147139485
11.0655,-0.466944284171252,25.1841528337839
11.066,10.3881328406983,22.5557798022378
11.0665,25.3743480496983,16.5581850496565
11.067,45.2534548084977,8.28159599626634
11.0675,55.6447123129879,0.140974569780262
11.068,52.6288121576063,-5.45972993212148
11.0685,48.8525275681876,-8.93179808052411
11.069,51.4512631086766,-12.098064403365
11.0695,52.3487623166274,-14.2704928131928
11.07,47.203230618328,-12.8937888010045
11.0705,46.2076659855433,-8.13194642367218
11.071,55.1002919022081,-3.52773212994613
11.0715,60.5571257864716,-1.37804739832449
11.072,48.2451356479898,-0.254015546288506
11.0725,24.3584932538816,1.91580258570045
11.073,6.09674050281754,4.8631482765553
11.0735,0.518165975940921,7.7082877982074
11.074,5.52586297928123,11.9906742359766
11.0745,20.9806826959109,20.7805941426268
11.075,42.9074397632773,34.3001613521312
11.0755,55.4281417430504,47.074274049422
11.076,46.6703526529207,50.8133565120805
11.0765,27.9716049105026,41.8722958516689
11.077,20.4308822260236,25.7437182588164
11.0775,26.4178926631584,11.7487675437186
11.078,31.5731806020433,2.6545813867883
11.0785,31.1612394035074,-7.21389103149953
11.079,34.1873820985479,-21.7300546661549
11.0795,41.0545973078901,-34.7621152804844
11.08,37.3033147287864,-36.5265834224247
11.0805,14.178500717714,-26.0587875132595
11.081,-20.8608188217152,-12.545027128018
11.0815,-57.6369100367666,-4.80761778285035
11.082,-90.8144604707783,-3.80889013009043
11.0825,-110.966985633217,-5.47320670539714
11.083,-107.56322370012,-6.28085319750583
11.0835,-88.1481809455766,-4.79430066912052
11.084,-75.8983579229664,-1.42587120103049
11.0845,-77.9474027201897,1.33146315927097
11.085,-73.5402763935375,0.844075187940323
11.0855,-45.6318713591453,-2.14237059018223
11.086,-6.51599570138963,-4.00723970452095
11.0865,24.2956344786243,-3.13493662294955
11.087,51.5219979990085,-1.93444319648837
11.0875,91.2020878430393,-2.99138333339853
11.088,135.922100580551,-5.66005950799827
11.0885,157.445596089948,-7.87110226227784
11.089,143.487379291971,-8.99322451837377
11.0895,112.313025318235,-8.90168584734657
11.09,88.6179701994992,-5.95006258581704
11.0905,80.8674083934308,1.44394959700505
11.091,84.5374326832773,11.2108734937744
11.0915,91.1274215772312,17.4817994376963
11.092,87.8961512146155,15.300593660059
11.0925,62.9415040722269,5.74226694634788
11.093,20.6907830075274,-4.2335542620144
11.0935,-15.5824468276875,-8.18825961265979
11.094,-26.0511702763918,-6.63523612281611
11.0945,-16.3918510453418,-5.6287029931824
11.095,-12.3003060427337,-8.73744811286508
11.0955,-33.6447602501375,-13.2231616880538
11.096,-76.495058950556,-15.7231163075778
11.0965,-118.873748136435,-18.0111913098947
11.097,-143.043094686455,-23.0326712080966
11.0975,-153.027532996382,-27.9120390920117
11.098,-168.35020523061,-26.8946243220742
11.0985,-198.637976672571,-20.8011592553393
11.099,-229.461386803274,-17.1049453511968
11.0995,-238.845944767808,-18.710604627598
11.1,-222.09139364639,-18.4394165237366
11.1005,-190.860266554887,-8.65871858303098
11.101,-152.894907904311,7.42856929765828
11.1015,-107.420207625146,18.832514392993
11.102,-60.4170251369653,19.4347933190587
11.1025,-26.8921135416098,13.4856261863902
11.103,-9.85663364038628,8.9229924284496
11.1035,10.10044216476,8.81183455259703
11.104,53.3169488847524,10.3303197343542
11.1045,116.997371163417,9.92161529808265
11.105,181.781119048522,7.64967343552875
11.1055,233.935610952689,6.64660256713228
11.106,269.188913511914,9.20531157736658
11.1065,281.43657672885,14.3075241232673
11.107,264.556040147603,19.2464536570451
11.1075,227.16155980246,22.6388907879567
11.108,191.752789649018,24.7958582382967
11.1085,171.938645106639,26.064376646512
11.109,157.101434691551,26.377609397755
11.1095,125.370052201419,25.7771524355376
11.11,68.1297830221245,23.7940799536105
11.1105,-2.1008716176911,19.3003246088751
11.111,-64.5181246004374,12.9927471573308
11.1115,-105.845278361776,8.721161055372
11.112,-124.302946370036,9.45222730150194
11.1125,-122.830590112786,12.9482476709224
11.113,-103.193827666393,14.7534596775295
11.1135,-69.2998982160228,14.0965007925705
11.114,-33.5616881729648,12.1926248378153
11.1145,-12.3376957300435,5.90649456717232
11.115,-11.367203541313,-9.72882683163377
11.1155,-21.6216663798257,-30.8988984534242
11.116,-34.8719999542922,-44.0598123142578
11.1165,-56.2672543962802,-40.2883099968836
11.117,-91.4843833899063,-25.8527300175943
11.1175,-127.132162990866,-13.8145539398256
11.118,-139.856165769857,-9.29390644842394
11.1185,-126.009994820835,-8.34315597946688
11.119,-105.865845240288,-7.51484278181395
11.1195,-92.3804961300068,-7.36302973685638
11.12,-72.9899883907831,-7.81968277618676
11.1205,-35.5779976580723,-7.0889088124398
11.121,2.38878126943432,-5.98529638833227
11.1215,12.2060885384786,-8.09394307465359
11.122,-4.25525209969641,-14.2863860468403
11.1225,-14.0049307379671,-21.0005048422176
11.123,3.35542507292092,-24.7872751776985
11.1235,32.2070903043793,-24.8921977285783
11.124,48.8988414640742,-20.8537673064851
11.1245,53.9345343439469,-11.8474337577379
11.125,62.0809510537807,0.0658866953872322
11.1255,74.8068493841333,9.73446686413966
11.126,81.521299215733,14.0237832473113
11.1265,81.3368682850075,14.6617972957591
11.127,84.2246872610016,14.8356689977448
11.1275,90.926799065431,15.7519808651202
11.128,88.8685362678664,17.572879704182
11.1285,72.2929371810246,20.2093847390031
11.129,53.2447292309343,21.2270133353165
11.1295,46.5515164673358,16.4720307446096
11.13,53.6078647764835,5.89911945634989
11.1305,66.4147930161177,-3.75139523908817
11.131,78.6197144122621,-5.68451934118622
11.1315,86.0353474830127,-1.10430327020447
11.132,83.662764786306,2.80699235847177
11.1325,69.4699607128819,2.19259491931216
11.133,46.3107714356547,0.311115301926398
11.1335,15.0513859096582,1.7024911372185
11.134,-27.8680798915574,5.77753249975524
11.1345,-79.454952139035,8.04665788438595
11.135,-122.584081830589,6.16465006173825
11.1355,-138.008475503116,2.6441976709543
11.136,-122.084474160303,1.38724819262254
11.1365,-87.5504508473534,2.80426478961524
11.137,-50.528581625909,3.62130520362724
11.1375,-21.835348180096,1.53361905960972
11.138,-5.41836612830003,-1.60465751947078
11.1385,2.6825080629003,-2.79805722355307
11.139,10.2061468679543,-2.98044770298725
11.1395,16.2626679968849,-6.14412074660274
11.14,7.74667515078554,-12.9763372196428
11.1405,-23.0812622229116,-18.4415597342322
11.141,-62.343973317438,-17.5735960929874
11.1415,-87.2418408349533,-11.3675673809101
11.142,-92.0146282391634,-4.56265143925149
11.1425,-89.1677981451856,0.422238378540362
11.143,-87.3087474845443,4.21187127235229
11.1435,-82.4381095571631,6.5401755313984
11.144,-71.5761272345965,5.66108261257285
11.1445,-58.9273166750912,2.02273767349386
11.145,-44.5134653209246,-0.94377833971848
11.1455,-22.4389064873275,-0.878062154359033
11.146,2.66162347138602,1.266149647249
11.1465,12.7275157360925,3.95491511792153
11.147,0.202736151099673,7.1393529570957
11.1475,-17.8066023716406,10.1189731980277
11.148,-21.1066375634247,10.4621408322016
11.1485,-11.4794276738689,7.64448775696878
11.149,-3.81334201556431,5.1745165222433
11.1495,-2.3424302815804,5.65389433179603
11.15,-0.464580365851265,5.55509635129493
11.1505,3.48150918546501,-0.81862714595124
11.151,6.23543634408368,-12.6901188410024
11.1515,10.5435798399942,-22.5704250709143
11.152,20.5874696373019,-25.4648902835959
11.1525,29.940673446893,-24.2135505772981
11.153,29.4556725521329,-23.8370465510637
11.1535,24.6986660029283,-24.3419923413537
11.154,29.8246520419743,-22.2489018149449
11.1545,45.5550216871311,-16.521460499458
11.155,59.4630068127668,-9.01702686209355
11.1555,67.4175112642567,-0.374611348220923
11.156,76.8945565106334,10.3219319981939
11.1565,87.6678254480875,21.5420498063292
11.157,88.4837420096268,28.7006625272518
11.1575,77.6909820672886,29.2002778885547
11.158,68.3132432382173,25.8847037367648
11.1585,65.2456826435748,23.8065929848019
11.159,55.8988406481959,24.7849253571155
11.1595,33.9300524393131,26.3481444183609
11.16,14.9799681914077,25.0428478246053
11.1605,15.005030361109,19.7413745836523
11.161,26.7410916010354,12.5624543862295
11.1615,32.0654526554505,7.54820178159301
11.162,26.4391252031927,7.63185682978101
11.1625,17.5860982768474,11.6311257229509
11.163,11.2256909922557,14.4964296219858
11.1635,12.1383582708048,11.6364511672542
11.164,27.3165257522333,3.14715033302939
11.1645,51.403827861032,-6.90457603592059
